iso_3166_2,adm0_a3,name,name_alt,type_en,value
AW-X01~,ABW,Aruba,,,44.00
AF-BAL,AFG,Balkh,Balh|Mazar-i-Sharif|Mazar,Province,86.00
AF-BAM,AFG,Bamyan,,Province,42.00
AF-BDG,AFG,Badghis,Badghes|Badghisat|Badgis,Province,53.00
AF-BDS,AFG,Badakhshan,Badahšan,Province,58.00
AF-BGL,AFG,Baghlan,Baglan|Bughlan,Province,57.00
AF-FRA,AFG,Farah,,Province,79.00
AF-FYB,AFG,Faryab,Fariab|Maimana|Meymaneh,Province,56.00
AF-GHA,AFG,Ghazni,Gazni,Province,41.00
AF-GHO,AFG,Ghor,Gawr|Ghore|Ghour|Ghur,Province,90.00
AF-HEL,AFG,Hilmand,Girishk|Hilmend,Province,98.00
AF-HER,AFG,Hirat,,Province,78.00
AF-JOW,AFG,Jawzjan,Jaozjan|Jozjan|Juzjan|Jouzjan|Shibarghan,Province,59.00
AF-KAB,AFG,Kabul,Cabul|Kabol|Kaboul,Province,40.00
AF-KAN,AFG,Kandahar,Qandahar,Province,80.00
AF-KAP,AFG,Kapisa,Kapesa,Province,46.00
AF-KDZ,AFG,Kunduz,Kondoz|Qonduz|Qunduz,Province,43.00
AF-KHO,AFG,Khost,,Province,98.00
AF-KNR,AFG,Kunar,Konarha|Kunarha,Province,91.00
AF-LAG,AFG,Laghman,Lagman,Province,51.00
AF-LOG,AFG,Logar,Lawghar|Loghar,Province,41.00
AF-NAN,AFG,Nangarhar,Ningrahar|Eastern Province,Province,69.00
AF-NIM,AFG,Nimroz,Neemroze|Nimrod|Nimrooz|Nimroze|Chakhansur,Province,41.00
AF-NUR,AFG,Nuristan,Nooristan|Nuristão,Province,49.00
AF-PAR,AFG,Parwan,Charikar,Province,78.00
AF-PAR,AFG,Parwan,Charikar,Province,78.00
AF-PIA,AFG,Paktika,Paktiya|Paktya|Southern Province,Province,81.00
AF-PKA,AFG,Paktya,Paktiya|Southern Province,Province,81.00
AF-SAM,AFG,Samangan,,Province,71.00
AF-SAR,AFG,Sari Pul,Sar-e Pul|Saripol,Province,60.00
AF-TAK,AFG,Takhar,Takar,Province,42.00
AF-URU,AFG,Uruzgan,Urozgan,Province,66.00
AF-URU,AFG,Uruzgan,Urozgan,Province,66.00
AF-WAR,AFG,Wardak,Verdak|Wardag|Maiden,Province,99.00
AF-ZAB,AFG,Zabul,Zubul|Zaboul,Province,62.00
AO-BGO,AGO,Bengo,,Province,47.00
AO-BGU,AGO,Benguela,Benguella,Province,83.00
AO-BIE,AGO,Bié,,Province,58.00
AO-CAB,AGO,Cabinda,,Province,74.00
AO-CCU,AGO,Cuando Cubango,,Province,82.00
AO-CNN,AGO,Cunene,,Province,92.00
AO-CNO,AGO,Cuanza Norte,Cuanza-Nord|Kwanza Norte,Province,67.00
AO-CUS,AGO,Cuanza Sul,Cuanza-Sud|Kwanza Sul,Province,57.00
AO-HUA,AGO,Huambo,,Province,67.00
AO-HUI,AGO,Huíla,,Province,53.00
AO-LNO,AGO,Lunda Norte,,Province,52.00
AO-LSU,AGO,Lunda Sul,,Province,63.00
AO-LUA,AGO,Luanda,Loanda,Province,75.00
AO-MAL,AGO,Malanje,Malange,Province,48.00
AO-MOX,AGO,Moxico,,Province,91.00
AO-NAM,AGO,Namibe,Moçâmedes|Mossamedes,Province,51.00
AO-UIG,AGO,Uíge,,Province,72.00
AO-ZAI,AGO,Zaire,,Province,87.00
AI-X00,AIA,,,,60.00
AI-X01~,AIA,Blowing Point,,District,92.00
AI-X02~,AIA,East End,,District,70.00
AI-X03~,AIA,George Hill,,District,63.00
AI-X04~,AIA,Island Harbour,,District,81.00
AI-X05~,AIA,North Hill,,District,72.00
AI-X06~,AIA,North Side,,District,60.00
AI-X07~,AIA,Sandy Ground,,District,51.00
AI-X08~,AIA,Sandy Hill,,District,56.00
AI-X09~,AIA,South Hill,,District,89.00
AI-X10~,AIA,Stoney Ground,,District,99.00
AI-X11~,AIA,The Farrington,,District,66.00
AI-X12~,AIA,The Quarter,,District,88.00
AI-X13~,AIA,The Valley,,District,68.00
AI-X14~,AIA,West End,,District,82.00
AL-01,ALB,Berat,,County,91.00
AL-02,ALB,Durrës,Durresi|Durrsi|Durazzo,County,98.00
AL-03,ALB,Elbasan,,County,41.00
AL-04,ALB,Fier,,County,69.00
AL-05,ALB,Gjirokastër,Gjinokastër|Argirocastro|Argyrocastro|Argyrokastron,County,46.00
AL-06,ALB,Korçë,Coriza|Corizza|Koritsa|Koritza|Korça|Kortscha,County,83.00
AL-07,ALB,Kukës,Kosova|Kossovo,County,96.00
AL-08,ALB,Lezhë,Alessio|Lezha,County,62.00
AL-09,ALB,Dibër,Dibra| Dibrë,County,64.00
AL-10,ALB,Shkodër,Escútari|Shkodra|Skodë|Scutari,County,95.00
AL-11,ALB,Tiranë,Tirane,County,66.00
AL-12,ALB,Vlorë,Vlona|Vlora|Vlonë|Valona,County,97.00
AX-X02~,ALD,Jomala,,,63.00
AX-X04~,ALD,Eckerö,,,67.00
AX-X06~,ALD,Föglö,,,72.00
AX-X09~,ALD,Mariehamn,,,54.00
AX-X10~,ALD,Lemland,,,64.00
AX-X11~,ALD,Lumparland,,,73.00
AX-X12~,ALD,Vårdö,,,99.00
AX-X13~,ALD,Sottunga,,,74.00
AX-X14~,ALD,Kumlinge,,,95.00
AX-X15~,ALD,Brändö,,,46.00
AX-X16~,ALD,Kökar,,,86.00
AD-02,AND,Canillo,,,67.00
AD-03,AND,Encamp,,,55.00
AD-04,AND,La Massana,,,66.00
AD-05,AND,Ordino,,,47.00
AD-06,AND,Sant Julià de Lòria,,,89.00
AD-07,AND,Andorra la Vella,,,42.00
AD-08,AND,Escaldes-Engordany,,,52.00
AE-AJ,ARE,Ajman,`Adjmân|Ajmã|`Ajmān,Emirate,98.00
AE-AZ,ARE,Abu Dhabi,Aboû Dabî|Abu Dabi|Abū Ẓabī|Abū Ẓaby,Emirate,47.00
AE-DU,ARE,Dubay,"Dibay|Doubaï|Dubai, Dubayy",Emirate,59.00
AE-FU,ARE,Fujayrah,"Al Foudjaïrah, Fudjayra|Al Fujayrah, Fujaira, Fujairah, Fujeira",Emirate,92.00
AE-RK,ARE,Ras Al Khaymah,Ras al Khaima|Râs al Khaïmah|Rā's al Khayma|Rā's al Khaymah,Emirate,71.00
AE-SH,ARE,Sharjah,Ach Chârdjah|Chārdja|Ash Shāriqah|Ash Shārjah|Sharjah and Dependencies|Sharjah and Kalba,Emirate,80.00
AE-UQ,ARE,Umm Al Qaywayn,Oumm al Qaïwaïn|Umm al Qi`īwayn|Qaiwan|Umm al Qaiwain|Umm al Qayqayn|Umm al Qaywayn|Umm el Quwain|Um al Qaiuan,Emirate,41.00
AE-X01~,ARE,Neutral Zone,"Al Foudjaïrah, Fudjayra|Al Fujayrah, Fujaira, Fujairah, Fujeira",Emirate,74.00
AE-X02~,ARE,Neutral Zone,,Emirate,56.00
AR-A,ARG,Salta,,Province,96.00
AR-B,ARG,Buenos Aires,,Federal District,76.00
AR-C,ARG,Ciudad de Buenos Aires,BUENOS AIRES D.F.|Capital Federal|Distretto Federale|Distrito Federal|Federal Capital,Federal District,79.00
AR-D,ARG,San Luis,,Province,81.00
AR-E,ARG,Entre Ríos,Entre-Rios,Province,60.00
AR-F,ARG,La Rioja,,Province,56.00
AR-G,ARG,Santiago del Estero,,Province,60.00
AR-H,ARG,Chaco,El Chaco|Presidente Juan Per¢n,Province,73.00
AR-J,ARG,San Juan,,Province,79.00
AR-K,ARG,Catamarca,,Province,57.00
AR-L,ARG,La Pampa,El Pampa|Eva Perln,Province,81.00
AR-M,ARG,Mendoza,,Province,90.00
AR-N,ARG,Misiones,Missões,Province,72.00
AR-P,ARG,Formosa,,Province,67.00
AR-Q,ARG,Neuquén,Neuquém,Province,72.00
AR-R,ARG,Río Negro,,Province,93.00
AR-S,ARG,Santa Fe,Santa Fé,Province,44.00
AR-T,ARG,Tucumán,Tucumão,Province,76.00
AR-U,ARG,Chubut,,Province,60.00
AR-V,ARG,Tierra del Fuego,Feuerland|Terra del Fuoco|Terre de Feu|Terra do Fogo|Tierra del Fuego|Antártida e Islas del Atlántico Sur,National Territory,91.00
AR-W,ARG,Corrientes,,Province,68.00
AR-X,ARG,Córdoba,Cordova,Province,74.00
AR-Y,ARG,Jujuy,,Province,83.00
AR-Z,ARG,Santa Cruz,,Province,53.00
AM-AG,ARM,Aragatsotn,Aragacot'n,Province,40.00
AM-AR,ARM,Ararat,,Province,72.00
AM-AV,ARM,Armavir,,Province,72.00
AM-ER,ARM,Erevan,Yerevan,City,49.00
AM-GR,ARM,Gegharkunik,Gelark'unik',Province,56.00
AM-KT,ARM,Kotayk,Kotaik|Kotayk',Province,87.00
AM-LO,ARM,Lori,Loṙi,Province,68.00
AM-SH,ARM,Shirak,Širak,Province,87.00
AM-SU,ARM,Syunik,Syunik',Province,67.00
AM-TV,ARM,Tavush,Tavuš,Province,43.00
AM-VD,ARM,Vayots Dzor,Vayoc'Jor,Province,79.00
AS-X01~,ASM,Eastern,,,80.00
AS-X02~,ASM,Manu's,,,42.00
AS-X03~,ASM,Rose Atoll,,,85.00
AS-X04~,ASM,Swain's Island,,,64.00
AS-X05~,ASM,Western,,,64.00
AQ-X01~,ATA,Antarctica,,,43.00
AQ-X02~,ATA,,,,93.00
AU-X04~,ATC,Ashmore and Cartier Islands,,,91.00
TF-X01~,ATF,Archipel des Kerguelen,,,79.00
TF-X02~,ATF,Archipel des Crozet,,,60.00
TF-X03~,ATF,Iles Eparses de l'ocean Indien,,,41.00
TF-X1~,ATF,Iles Saint-Paul et Nouvelle-Amsterdam,,,81.00
AG-03,ATG,Saint George,,Parish,48.00
AG-04,ATG,Saint John,,Parish,70.00
AG-05,ATG,Saint Mary,,Parish,59.00
AG-06,ATG,Saint Paul,,Parish,86.00
AG-07,ATG,Saint Peter,,Parish,89.00
AG-08,ATG,Saint Philip,,Parish,76.00
AG-10,ATG,Barbuda,,Dependency,55.00
AG-11,ATG,Redonda,,Dependency,77.00
AU-ACT,AUS,Australian Capital Territory,,Territory,72.00
AU-NSW,AUS,New South Wales,,State,51.00
AU-NSW,AUS,Lord Howe Island,,Territory,51.00
AU-NT,AUS,Northern Territory,,Territory,61.00
AU-QLD,AUS,Queensland,,State,92.00
AU-SA,AUS,South Australia,,State,42.00
AU-TAS,AUS,Tasmania,,State,60.00
AU-VIC,AUS,Victoria,,State,95.00
AU-WA,AUS,Western Australia,,State,80.00
AU-X02~,AUS,Jervis Bay Territory,,Territory,52.00
AU-X03~,AUS,Macquarie Island,,,64.00
AT-1,AUT,Burgenland,Burgenlândia,State,64.00
AT-2,AUT,Kärnten,Carinthia|Caríntia|Carintia,State,44.00
AT-3,AUT,Niederösterreich,Lower Austria|Baixa-Áustria|Baja Austria|Niederdonau|Österreich unter der Enns,State,65.00
AT-4,AUT,Oberösterreich,Upper Austria|Alta-Áustria|Alta Austria|Österreich ober der Enns|Oberösterreich,State,49.00
AT-5,AUT,Salzburg,Salzburgo,State,84.00
AT-6,AUT,Steiermark,Styria|Est¡ria|Estiria,State,93.00
AT-7,AUT,Tirol,Tyrol,State,87.00
AT-8,AUT,Vorarlberg,,State,98.00
AT-9,AUT,Wien,Vienna|Viena,State,77.00
AZ-ABS,AZE,Abşeron,Absheron,District,99.00
AZ-AGA,AZE,Ağstafa,Agstafa,District,58.00
AZ-AGC,AZE,Ağcabədi,Agjabadi,District,72.00
AZ-AGM,AZE,Ağdam,Agdam,District,69.00
AZ-AGS,AZE,Ağdaş,Agdash,District,67.00
AZ-AGU,AZE,Ağsu,Agsu,District,89.00
AZ-AST,AZE,Astara,,District,94.00
AZ-BA,AZE,Bakı,Baku city,Municipality,45.00
AZ-BAB,AZE,Babək,Babek,District,63.00
AZ-BAL,AZE,Balakən,Balakan,District,87.00
AZ-BAR,AZE,Bərdə,Barda,District,81.00
AZ-BEY,AZE,Beyləqan,Beylagan,District,65.00
AZ-BIL,AZE,Biləsuvar,Bilasuvar,District,82.00
AZ-CAB,AZE,Cəbrayıl,Jabrayil,District,78.00
AZ-CAL,AZE,Cəlilabad,Jalilabad,District,79.00
AZ-CUL,AZE,Culfa,Julfa,District,71.00
AZ-DAS,AZE,Daşkəsən,Dashkasan,District,85.00
AZ-FUZ,AZE,Füzuli,Fizuli,District,50.00
AZ-GA,AZE,Gəncə,Ganja city,Municipality,71.00
AZ-GAD,AZE,Gədəbəy,Gadabay,District,67.00
AZ-GOR,AZE,Goranboy,,District,86.00
AZ-GOY,AZE,Göyçay,Goychay,District,99.00
AZ-GYG,AZE,Xanlar,Khanlar,District,81.00
AZ-HAC,AZE,Hajigabul,Ali Bayramli,District,64.00
AZ-IMI,AZE,İmişli,Imishli,District,73.00
AZ-ISM,AZE,İsmayıllı,Ismailli,District,81.00
AZ-KAL,AZE,Kəlbəcər,Kalbajar,District,96.00
AZ-KAN,AZE,Kangarli,,District,69.00
AZ-KUR,AZE,Kürdəmir,Kurdamir,District,81.00
AZ-LA,AZE,Lankaran,Lenkoran|Lənkəran,District,99.00
AZ-LA,AZE,Lankaran,,Municipality,99.00
AZ-LAN,AZE,Lankaran,Shusha,District,71.00
AZ-LER,AZE,Lerik,,District,63.00
AZ-MAS,AZE,Masallı,Masally,District,61.00
AZ-MI,AZE,Mingəçevir,Mingachevir,Municipality,91.00
AZ-NA,AZE,Naftalan,,Municipality,53.00
AZ-NEF,AZE,Neftçala,Neftchala,District,97.00
AZ-NX,AZE,Naxçıvan,Nakhichevan,Municipality,62.00
AZ-OGU,AZE,Oğuz,Oguz,District,98.00
AZ-ORD,AZE,Ordubad,,District,50.00
AZ-QAB,AZE,Qəbələ,Qabala,District,80.00
AZ-QAX,AZE,Qax,Qakh,District,73.00
AZ-QAZ,AZE,Qazax,Qazakh,District,67.00
AZ-QBA,AZE,Quba,,District,59.00
AZ-QBI,AZE,Qubadli,,District,61.00
AZ-QOB,AZE,Qobustan,,District,69.00
AZ-QUS,AZE,Qusar,,District,95.00
AZ-SA,AZE,Şəki,Shaki,District,81.00
AZ-SA,AZE,Şəki,,Municipality,81.00
AZ-SAB,AZE,Sabirabad,,District,56.00
AZ-SAD,AZE,Sədərək,Sadarak,District,49.00
AZ-SAH,AZE,Şahbuz,Shakhbuz,District,40.00
AZ-SAL,AZE,Salyan,,District,73.00
AZ-SAR,AZE,Şərur,Sharur,District,57.00
AZ-SAT,AZE,Saatlı,Saatly,District,99.00
AZ-SBN,AZE,Dəvəçi,Davachi,District,63.00
AZ-SIY,AZE,Siyəzən,Siazan,District,91.00
AZ-SKR,AZE,Şəmkir,Shamkir,District,87.00
AZ-SM,AZE,Sumqayıt,Sumqayit city,Municipality,83.00
AZ-SMI,AZE,Şamaxı,Shamakhi,District,97.00
AZ-SMX,AZE,Samux,Samukh,District,40.00
AZ-SR,AZE,Shirvan,,Municipality,96.00
AZ-SUS,AZE,Şuşa,Shusha,District,57.00
AZ-TAR,AZE,Tərtər,Tartar,District,45.00
AZ-TOV,AZE,Tovuz,,District,42.00
AZ-UCA,AZE,Ucar,Ujar,District,53.00
AZ-X01~,AZE,Şuşa,,Municipality,98.00
AZ-XA,AZE,Stepanakert,Khojali,District,76.00
AZ-XAC,AZE,Xaçmaz,Khachmaz,District,53.00
AZ-XCI,AZE,Xocalı,Khojali,District,40.00
AZ-XIZ,AZE,Xizı,Khizi,District,82.00
AZ-XVD,AZE,Xocavənd,Khojavend,District,92.00
AZ-YAR,AZE,Yardımlı,Yardymli,District,99.00
AZ-YEV,AZE,Yevlakh Rayon,Yevlakh,District,74.00
AZ-YEV,AZE,Yevlakh,,Municipality,74.00
AZ-ZAN,AZE,Zəngilan,Zangilan,District,64.00
AZ-ZAQ,AZE,Zaqatala,,District,55.00
AZ-ZAR,AZE,Zərdab,Zardab,District,71.00
BI-BB,BDI,Bubanza,,Province,56.00
BI-BL,BDI,Bujumbura Rural,,Province,65.00
BI-BM,BDI,Bujumbura Mairie,,Province,80.00
BI-BR,BDI,Bururi,,Province,81.00
BI-CA,BDI,Cankuzo,,Province,51.00
BI-CI,BDI,Cibitoke,,Province,40.00
BI-GI,BDI,Gitega,Kitega,Province,73.00
BI-KI,BDI,Kirundo,,Province,74.00
BI-KR,BDI,Karuzi,Karusi,Province,71.00
BI-KY,BDI,Kayanza,,Province,40.00
BI-MA,BDI,Makamba,,Province,43.00
BI-MU,BDI,Muramvya,Muramviya,Province,97.00
BI-MW,BDI,Mwaro,,Province,48.00
BI-MY,BDI,Muyinga,Muhinga,Province,90.00
BI-NG,BDI,Ngozi,,Province,78.00
BI-RT,BDI,Rutana,,Province,77.00
BI-RY,BDI,Ruyigi,,Province,67.00
BE-BRU,BEL,Brussels,Bruselas|Brussel Hoofstadt|Brusselse Hoofdstedelijke Gewest|Brüssel|Bruxelas|Région de Bruxelles-Capitale,Capital Region,40.00
BE-VAN,BEL,Antwerp,Antwerpen,Province,73.00
BE-VBR,BEL,Flemish Brabant,Vlaams Brabant|Flamish-Brabant|Brabant flamand,Province,90.00
BE-VLI,BEL,Limburg,,Province,62.00
BE-VOV,BEL,East Flanders,Oost-Vlaanderen|Ostflandern|Falndre orientale,Province,73.00
BE-VWV,BEL,West Flanders,West-Vlaanderen,Province,77.00
BE-WBR,BEL,Walloon Brabant,Waals-Brabant|Brabant Wallon,Province,67.00
BE-WHT,BEL,Hainaut,Henegouwen,Province,83.00
BE-WLG,BEL,Liege,Luik,Province,55.00
BE-WLX,BEL,Luxembourg,Luxemburg,Province,99.00
BE-WNA,BEL,Namur,Namen,Province,63.00
BJ-AK,BEN,Atakora,,Department,71.00
BJ-AL,BEN,Alibori,,Department,82.00
BJ-AQ,BEN,Atlantique,,Department,67.00
BJ-BO,BEN,Borgou,,Department,70.00
BJ-CO,BEN,Collines,,Department,51.00
BJ-DO,BEN,Donga,,Department,69.00
BJ-KO,BEN,Kouffo,,Department,73.00
BJ-LI,BEN,Littoral,,Department,97.00
BJ-MO,BEN,Mono,,Department,62.00
BJ-OU,BEN,Ouémé,,Department,76.00
BJ-PL,BEN,Plateau,,Department,61.00
BJ-ZO,BEN,Zou,,Department,41.00
BF-BAL,BFA,Balé,,Province,69.00
BF-BAM,BFA,Bam,,Province,89.00
BF-BAN,BFA,Banwa,,Province,64.00
BF-BAZ,BFA,Bazéga,,Province,44.00
BF-BGR,BFA,Bougouriba,,Province,76.00
BF-BLG,BFA,Boulgou,,Province,97.00
BF-BLK,BFA,Boulkiemdé,,Province,46.00
BF-COM,BFA,Komoé,Comoé,Province,51.00
BF-GAN,BFA,Ganzourgou,,Province,62.00
BF-GNA,BFA,Gnagna,,Province,83.00
BF-GOU,BFA,Gourma,,Province,61.00
BF-HOU,BFA,Houet,,Province,86.00
BF-IOB,BFA,Ioba,,Province,88.00
BF-KAD,BFA,Kadiogo,,Province,43.00
BF-KEN,BFA,Kénédougou,,Province,72.00
BF-KMD,BFA,Komondjari,,Province,93.00
BF-KMP,BFA,Kompienga,,Province,44.00
BF-KOP,BFA,Koulpélogo,,Province,63.00
BF-KOS,BFA,Kossi,,Province,64.00
BF-KOT,BFA,Kouritenga,,Province,42.00
BF-KOW,BFA,Kourwéogo,,Province,51.00
BF-LER,BFA,Léraba,,Province,69.00
BF-LOR,BFA,Loroum,,Province,85.00
BF-MOU,BFA,Mou Houn,,Province,61.00
BF-NAM,BFA,Namentenga,,Province,47.00
BF-NAO,BFA,Nahouri,,Province,41.00
BF-NAY,BFA,Nayala,,Province,90.00
BF-NOU,BFA,Noumbiel,,Province,85.00
BF-OUB,BFA,Oubritenga,,Province,69.00
BF-OUD,BFA,Oudalan,,Province,84.00
BF-PAS,BFA,Passoré,,Province,42.00
BF-PON,BFA,Poni,,Province,59.00
BF-SEN,BFA,Séno,,Province,96.00
BF-SIS,BFA,Sissili,,Province,57.00
BF-SMT,BFA,Sanmatenga,,Province,95.00
BF-SNG,BFA,Sanguié,,Province,48.00
BF-SOM,BFA,Soum,,Province,48.00
BF-SOR,BFA,Sourou,,Province,60.00
BF-TAP,BFA,Tapoa,,Province,98.00
BF-TUI,BFA,Tuy,,Province,70.00
BF-YAG,BFA,Yagha,,Province,40.00
BF-YAT,BFA,Yatenga,,Province,92.00
BF-ZIR,BFA,Ziro,,Province,49.00
BF-ZON,BFA,Zondoma,,Province,52.00
BF-ZOU,BFA,Zoundwéogo,,Province,63.00
BD-A,BGD,Barisal,Bakerganj,Division,49.00
BD-B,BGD,Chittagong,Chattagram|Parbattya Chattagram|Rangamati,Division,95.00
BD-C,BGD,Dhaka,Daca|Dacca,Division,95.00
BD-D,BGD,Khulna,,Division,80.00
BD-E,BGD,Rajshahi,,Division,81.00
BD-F,BGD,Rangpur,,Division,84.00
BD-G,BGD,Sylhet,,Division,69.00
BG-01,BGR,Blagoevgrad,Gorna Cumaya|Cuma-i Bala|Gorna Djumaya|Gorna Dzhumaya,Province,80.00
BG-02,BGR,Burgas,Bourgas,Province,44.00
BG-03,BGR,Varna,Stalin,Province,47.00
BG-04,BGR,Veliko Tarnovo,Veliko Turnovo|Gorna Oryahovitsa|Gorna Orjahovica|Turnovo|Tirnovo|Trnova,Province,80.00
BG-05,BGR,Vidin,,Province,62.00
BG-06,BGR,Vratsa,Vraca,Province,44.00
BG-07,BGR,Gabrovo,,Province,44.00
BG-08,BGR,Dobrich,Tolbukhin,Province,96.00
BG-09,BGR,Kardzhali,Kurdjali|Kârdžali|Kirjali,Province,89.00
BG-10,BGR,Kyustendil,Keustendil|Kjustendil,Province,50.00
BG-11,BGR,Lovech,Loveč,Province,98.00
BG-12,BGR,Montana,Mikhaylovgrad|Mihailovgrad,Province,64.00
BG-13,BGR,Pazardzhik,Pazardjik|Tatar Pazardžik|Bazargic|Bazardzhik|Dobritch|Dobrici|Hagi Oglu,Province,53.00
BG-14,BGR,Pernik,,Province,53.00
BG-15,BGR,Pleven,Plevila|Plevna|Plyeven,Province,45.00
BG-16,BGR,Plovdiv,Philippopolis,Province,86.00
BG-17,BGR,Razgrad,,Province,58.00
BG-18,BGR,Ruse,Russe|Ruščuk|Rustchuk,Province,54.00
BG-19,BGR,Silistra,,Province,63.00
BG-20,BGR,Sliven,Slivno,Province,66.00
BG-21,BGR,Smolyan,Smoljan,Province,91.00
BG-22,BGR,Grad Sofiya,,Province,55.00
BG-23,BGR,Sofia,Sofiya|Sofija,Province,72.00
BG-24,BGR,Stara Zagora,,Province,44.00
BG-25,BGR,Targovishte,Torgovishte|Tâgovište,Province,83.00
BG-26,BGR,Haskovo,Khaskovo,Province,55.00
BG-27,BGR,Shumen,Kolarovgrad|Šumla|Šumen,Province,96.00
BG-28,BGR,Yambol,Jambol|Jamboli,Province,50.00
BH-13,BHR,Al Manāmah,Muhafazat al-'Asimah|Capital,Governorate,73.00
BH-14,BHR,Al Janūbīyah,al-Muhafazah al-Janobiyah|Southern,Governorate,91.00
BH-15,BHR,Al Muḩarraq,Muhafazat al-Muharaq,Governorate,76.00
BH-16,BHR,Al Wusţá,Al Muhafazah al Wustah|Central,Governorate,95.00
BH-17,BHR,Ash Shamālīyah,Al Muhafazah ash Shamaliyah‎|Northern,Governorate,63.00
BS-AK,BHS,Acklins,,District,52.00
BS-BI,BHS,Bimini,,District,94.00
BS-BP,BHS,Black Point,,District,60.00
BS-BY,BHS,Berry Islands,,District,46.00
BS-CE,BHS,Central Eleuthera,,District,48.00
BS-CI,BHS,Cat Island,,District,88.00
BS-CK,BHS,Crooked Island and Long Cay,,District,72.00
BS-CO,BHS,Central Abaco,,District,46.00
BS-CS,BHS,Central Andros,,District,54.00
BS-EG,BHS,East Grand Bahama,,District,87.00
BS-EX,BHS,Exuma,,District,49.00
BS-FP,BHS,City of Freeport,,District,44.00
BS-HI,BHS,Harbour Island,,District,42.00
BS-IN,BHS,Inagua,,District,91.00
BS-LI,BHS,Long Island,,District,70.00
BS-MC,BHS,Mangrove Cay,,District,83.00
BS-MG,BHS,Mayaguana,,District,75.00
BS-MI,BHS,Moore's Island,,District,77.00
BS-NE,BHS,North Eleuthera,,District,49.00
BS-NO,BHS,North Abaco,,District,68.00
BS-NS,BHS,North Andros,,District,67.00
BS-RC,BHS,Rum Cay,,District,89.00
BS-RI,BHS,Ragged Island,,District,71.00
BS-SA,BHS,South Andros,,District,90.00
BS-SE,BHS,South Eleuthera,,District,64.00
BS-SO,BHS,South Abaco,,District,46.00
BS-SS,BHS,San Salvador,,District,74.00
BS-SW,BHS,Spanish Wells,,District,56.00
BS-WG,BHS,West Grand Bahama,,District,74.00
BS-X01~,BHS,New Providence,,Capital,88.00
BA-BIH,BIH,Herzegovina-Neretva,Hercegovackoneretvanski,Canton,55.00
BA-BIH,BIH,Una-Sana,,Canton,55.00
BA-BIH,BIH,West Bosnia,Hercegbosanski|Hercegovačko-bosanski,Canton,55.00
BA-BIH,BIH,West Herzegovina,Zapadnohercegovački,Canton,55.00
BA-BIH,BIH,Central Bosnia,Centralnobosanski|Srednjobosanski,Canton,55.00
BA-BIH,BIH,Zenica-Doboj,Federation of Bosnia and Herzegovina,Canton,55.00
BA-BIH,BIH,Tuzla,Tuzlanski,Canton,55.00
BA-BIH,BIH,Sarajevo,Sarajevski,Canton,55.00
BA-BIH,BIH,Bosnian Podrinje,Bosansko-podrinjski|Goraždansko-podrinjski,Canton,55.00
BA-BRC,BIH,Brčko Distrikt,,Condominium,87.00
BA-SRP,BIH,Posavina,Bosanskoposavski|Posavski,Canton,46.00
BA-X01~,BIH,Doboj,,Region,48.00
BA-X02~,BIH,Banja Luka,,Region,65.00
BA-X03~,BIH,Bijeljina,,Region,72.00
BA-X04~,BIH,Vlasenica,,Region,53.00
BA-X05~,BIH,Sarajevo-romanija,,Region,89.00
BA-X06~,BIH,Foča,,Region,77.00
BA-X07~,BIH,Trebinje,,Region,60.00
BL-X00~,BLM,Saint Barthélemy,,,63.00
BY-BR,BLR,Brest,Брест|Brestskaya Voblasts'|Brèst,Region,41.00
BY-HM,BLR,City of Minsk,Минск|Минская Область|Minsk Oblast|Minskaya Voblasts',Region,79.00
BY-HO,BLR,Gomel,Гомель|Gomel|Gomel'|Homyel'skaya Voblasts'|Homje,Region,81.00
BY-HR,BLR,Grodno,Гродно|Grodno|Hrodzenskaya Voblasts',Region,82.00
BY-MA,BLR,Mogilev,Могилёв|Mahiljow|Mogilev|Mahilyowskaya Voblasts',Region,66.00
BY-MI,BLR,Minsk,Минск|Минская Область|Minsk Oblast|Minskaya Voblasts',Municipality,70.00
BY-VI,BLR,Vitebsk,Витебск|Vicebsk|Vitebsk|Vitsyebskaya Voblasts'|Witebsk,Region,85.00
BZ-BZ,BLZ,Belize,,District,81.00
BZ-CY,BLZ,Cayo,,District,44.00
BZ-CZL,BLZ,Corozal,,District,94.00
BZ-OW,BLZ,Orange Walk,,District,46.00
BZ-SC,BLZ,Stann Creek,,District,93.00
BZ-TOL,BLZ,Toledo,,District,49.00
BM-DEV,BMU,Devonshire,,,86.00
BM-HA,BMU,City of Hamilton,,,84.00
BM-HAM,BMU,Hamilton,,,63.00
BM-PAG,BMU,Paget,,,99.00
BM-PEM,BMU,Pembroke,,,70.00
BM-SAN,BMU,Sandys,,,94.00
BM-SG,BMU,City of Saint George,,,76.00
BM-SGE,BMU,Saint George's,,,87.00
BM-SMI,BMU,Smith's,,,42.00
BM-SOU,BMU,Southampton,,,51.00
BM-WAR,BMU,Warwick,,,91.00
BO-B,BOL,El Beni,,Department,48.00
BO-C,BOL,Cochabamba,,Department,75.00
BO-H,BOL,Chuquisaca,,Department,58.00
BO-L,BOL,La Paz,,Department,46.00
BO-N,BOL,Pando,colonial territories|madre de dios|territorio nacional de colonias,Department,63.00
BO-O,BOL,Oruro,,Department,96.00
BO-P,BOL,Potosí,,Department,57.00
BO-S,BOL,Santa Cruz,,Department,95.00
BO-T,BOL,Tarija,,Department,87.00
BR-AC,BRA,Acre,,State,51.00
BR-AL,BRA,Alagoas,,State,44.00
BR-AM,BRA,Amazonas,Amazone,State,63.00
BR-AP,BRA,Amapá,,State,63.00
BR-BA,BRA,Bahia,Ba¡a,State,94.00
BR-CE,BRA,Ceará,,State,86.00
BR-DF,BRA,Distrito Federal,,Federal District,78.00
BR-ES,BRA,Espírito Santo,Espiritu Santo,State,72.00
BR-GO,BRA,Goiás,Goiáz|Goyáz,State,47.00
BR-MA,BRA,Maranhão,São Luíz de Maranhão,State,79.00
BR-MG,BRA,Minas Gerais,Minas|Minas Geraes,State,99.00
BR-MS,BRA,Mato Grosso do Sul,,State,96.00
BR-MT,BRA,Mato Grosso,Matto Grosso,State,51.00
BR-PA,BRA,Pará,,State,93.00
BR-PB,BRA,Paraíba,Parahyba,State,76.00
BR-PE,BRA,Pernambuco,Pernambouc,State,79.00
BR-PI,BRA,Piauí,Piauhy,State,81.00
BR-PR,BRA,Paraná,,State,78.00
BR-RJ,BRA,Rio de Janeiro,,State,97.00
BR-RN,BRA,Rio Grande do Norte,,State,74.00
BR-RO,BRA,Rondônia,Guaporé,State,91.00
BR-RR,BRA,Roraima,Rio Branco,State,48.00
BR-RS,BRA,Rio Grande do Sul,,State,45.00
BR-SC,BRA,Santa Catarina,Santa Catharina,State,66.00
BR-SE,BRA,Sergipe,,State,66.00
BR-SP,BRA,São Paulo,,State,90.00
BR-TO,BRA,Tocantins,,State,57.00
BB-01,BRB,Christ Church,,Parish,86.00
BB-02,BRB,Saint Andrew,,Parish,71.00
BB-03,BRB,Saint George,,Parish,50.00
BB-04,BRB,Saint James,,Parish,40.00
BB-05,BRB,Saint John,,Parish,83.00
BB-06,BRB,Saint Joseph,,Parish,98.00
BB-07,BRB,Saint Lucy,,Parish,64.00
BB-08,BRB,Saint Michael,,Parish,70.00
BB-09,BRB,Saint Peter,,Parish,74.00
BB-10,BRB,Saint Philip,,Parish,53.00
BB-11,BRB,Saint Thomas,,Parish,91.00
BN-BE,BRN,Belait,,District,42.00
BN-BM,BRN,Brunei and Muara,,District,85.00
BN-TE,BRN,Temburong,,District,91.00
BN-TU,BRN,Tutong,,District,63.00
BT-11,BTN,Paro,Rinpung,District,92.00
BT-12,BTN,Chhukha,Chukha,District,73.00
BT-13,BTN,Ha,Haa,District,84.00
BT-14,BTN,Samchi,Samtse,District,47.00
BT-15,BTN,Thimphu,Tashi Chho Dzong|Thimbu,District,93.00
BT-21,BTN,Chirang,Tsirang,District,58.00
BT-22,BTN,Daga,Dagana|Tagana,District,51.00
BT-23,BTN,Punakha,Punaka,District,76.00
BT-24,BTN,Wangdi Phodrang,Wangdiphodrang|Andguphodang|Wangdue|Wangdue Phodrang|Wangdupotrang|Wangü-Phodrang,District,86.00
BT-31,BTN,Geylegphug,Gaylegphug|Sarbhang|Gelephu|Sarpang,District,97.00
BT-32,BTN,Tongsa,Trongsa,District,56.00
BT-33,BTN,Bumthang,,District,85.00
BT-34,BTN,Shemgang,Zhemgang,District,93.00
BT-41,BTN,Tashigang,Trashigang,District,50.00
BT-42,BTN,Mongar,Monggar|Mongor,District,42.00
BT-43,BTN,Pemagatsel,Pema Gatshel|Pemagatshel,District,65.00
BT-44,BTN,Lhuntshi,Lhuentse|Lhuntsi,District,53.00
BT-45,BTN,Samdrup Jongkhar,Samdrup|Samdrup Jongkha,District,71.00
BT-GA,BTN,Gasa,,District,72.00
BT-TY,BTN,Tashi Yangtse,Trashi Yangtse|Trashiyangtsi,District,91.00
BW-CE,BWA,Central,Centre|Ngwato|Serowe-Palapye,District,69.00
BW-FR,BWA,Francistown,,City,85.00
BW-GA,BWA,Gaborone,,City,83.00
BW-GH,BWA,Ghanzi,Ghantsi,District,77.00
BW-JW,BWA,Jwaneng,,Town,84.00
BW-KG,BWA,Kgalagadi,,District,56.00
BW-KL,BWA,Kgatleng,,District,69.00
BW-KW,BWA,Kweneng,,District,44.00
BW-LO,BWA,Lobatse,,Town,83.00
BW-NE,BWA,North-East,,District,55.00
BW-NW,BWA,North-West,North West|Bokone-Bophirima,District,85.00
BW-SE,BWA,South-East,Borwa-Botlhaba,District,75.00
BW-SO,BWA,Southern,Borwa|Ngwakets|Ngwaketse,District,61.00
BW-SP,BWA,Selebi-Phikwe,Selibe Phikwe,Town,50.00
BW-ST,BWA,Sowa,Sowa Town,Township,57.00
CF-AC,CAF,Ouham,,Prefecture,94.00
CF-BB,CAF,Bamingui-Bangoran,Bamingui-Bangora|N'Délé|Ndélé,Prefecture,55.00
CF-BGF,CAF,Bangui,,Autonomous Commune,92.00
CF-BK,CAF,Basse-Kotto,,Prefecture,92.00
CF-HK,CAF,Haute-Kotto,,Prefecture,44.00
CF-HM,CAF,Haut-Mbomou,Haut-M'bomou|Obo-Zemio,Prefecture,70.00
CF-HS,CAF,Mambéré-Kadéï,Haute-Sangha|Mambéré Kadéi,Prefecture,94.00
CF-KB,CAF,Nana-Grébizi,Nana-Gribingui|Gribingui|Gribingui-Économique|Ibingui|Nana Gribizi,Economic Prefecture,88.00
CF-KG,CAF,Kémo,Kémo-Gribingui|Kémo-Ibingui,Prefecture,83.00
CF-LB,CAF,Lobaye,,Prefecture,73.00
CF-MB,CAF,Mbomou,M'Bomou,Prefecture,55.00
CF-MP,CAF,Ombella-M'Poko,,Prefecture,79.00
CF-NM,CAF,Nana-Mambéré,Bouar-Baboua|Buar-Baboua|Nana Nambéré,Prefecture,41.00
CF-OP,CAF,Ouham-Pendé,,Prefecture,78.00
CF-SE,CAF,Sangha-Mbaéré,Sangha|Sangha-Économique|Sangha M'baéré,Economic Prefecture,93.00
CF-UK,CAF,Ouaka,,Prefecture,85.00
CF-VK,CAF,Vakaga,Birao,Prefecture,57.00
CA-AB,CAN,Alberta,,Province,48.00
CA-BC,CAN,British Columbia,Colombie britannique|New Caledonia,Province,57.00
CA-MB,CAN,Manitoba,,Province,63.00
CA-NB,CAN,New Brunswick,Nouveau-Brunswick|Acadia,Province,80.00
CA-NL,CAN,Newfoundland and Labrador,Newfoundland|Terre-Neuve|Terre-Neuve-et-Labrador,Province,92.00
CA-NS,CAN,Nova Scotia,Acadia|Nouvelle-Écosse,Province,69.00
CA-NT,CAN,Northwest Territories,Territoires du Nord-Ouest,Territory,92.00
CA-NU,CAN,Nunavut,,Territory,79.00
CA-ON,CAN,Ontario,Upper Canada,Province,61.00
CA-PE,CAN,Prince Edward Island,Île de Saint-Jean|Île du Prince-Édouard,Province,51.00
CA-QC,CAN,Québec,Lower Canada,Province,86.00
CA-SK,CAN,Saskatchewan,,Province,42.00
CA-YT,CAN,Yukon,Yukon Territory|Territoire du Yukon|Yukon|Yuk¢n,Territory,47.00
CH-AG,CHE,Aargau,Argovia|Arg¢via|Argovie,Canton,99.00
CH-AI,CHE,Appenzell Innerrhoden,Appenzell Inner-Rhoden|Appenzell Inner Rhodes|Appenzell dador|Appenzell Rhodes Intérieures|Appenzello Interno,Canton,93.00
CH-AR,CHE,Appenzell Ausserrhoden,Appenzell Ausser-Rhoden|Appenzell Outer Rhodes|Appenzell dadens|Appenzell Rhodes Extérieures|Appenzello Esterno,Canton,52.00
CH-BE,CHE,Bern,Berna|Berne,Canton,51.00
CH-BL,CHE,Basel-Landschaft,,Canton,64.00
CH-BS,CHE,Basel-Stadt,Bâle-Ville|Basel-City|Basel-Town|Basilea-Citad|Basilea Ciudad|Basilea città|Basiléia cidade,Canton,42.00
CH-FR,CHE,Fribourg,Freiburg|Friburg|Friburgo,Canton,58.00
CH-GE,CHE,Genève,Cenevre|Genebra|Geneve|Geneva|Genevra|Genf|Ginebra|Ginevra,Canton,74.00
CH-GL,CHE,Glarus,Glaris|Glarona|Glaruna,Canton,74.00
CH-GR,CHE,Graubünden,Graubünden|Grigioni|Grischun|Grisons,Canton,91.00
CH-JU,CHE,Jura,Giura,Canton,48.00
CH-LU,CHE,Lucerne,Lucerna|Luzern,Canton,50.00
CH-NE,CHE,Neuchâtel,Neuenburg,Canton,94.00
CH-NW,CHE,Nidwalden,Nidvaldo|Nidwald|Unterwalden-le-Bas|Nidwaldo,Canton,76.00
CH-OW,CHE,Obwalden,Obvaldo|Obwald|Unterwalden-le-Haut|Obwaldo|Sursilvania,Canton,78.00
CH-SG,CHE,Sankt Gallen,Saint-Gall|San Gallo|Son Gagl,Canton,81.00
CH-SH,CHE,Schaffhausen,Schaffhouse|Schaffusa|Sciaffusa,Canton,93.00
CH-SO,CHE,Solothurn,Solothurn,Canton,98.00
CH-SZ,CHE,Schwyz,,Canton,53.00
CH-TG,CHE,Thurgau,Thurgovie|Turgovia|Turg¢via,Canton,46.00
CH-TI,CHE,Ticino,Tesino|Tessin,Canton,75.00
CH-UR,CHE,Uri,,Canton,93.00
CH-VD,CHE,Vaud,Vad|Waadt|Waadtland,Canton,64.00
CH-VS,CHE,Valais,Vallais|Vallese|Wallis,Canton,43.00
CH-ZG,CHE,Zug,Zoug|Zugo,Canton,40.00
CH-ZH,CHE,Zürich,Turitg|Zurigo|Zürih|Zurique,Canton,87.00
CL-AI,CHL,Aisén del General Carlos Ibáñez del Campo,Aisén|Aysén|Aysén del General Carlos Ibáñez del Campo,Region,82.00
CL-AN,CHL,Antofagasta,,Region,56.00
CL-AP,CHL,Arica y Parinacota,,Region,89.00
CL-AR,CHL,La Araucanía,IX,Region,50.00
CL-AT,CHL,Atacama,,Region,42.00
CL-BI,CHL,Bío-Bío,Bíobío|VIII,Region,63.00
CL-CO,CHL,Coquimbo,,Region,52.00
CL-LI,CHL,Libertador General Bernardo O'Higgins,Libertador,Region,98.00
CL-LL,CHL,Los Lagos,X,Region,83.00
CL-LR,CHL,Los Ríos,XIV,Region,61.00
CL-MA,CHL,Magallanes y Antártica Chilena,Magalhães|Magellan et Antarctique Chilienne|Región de Magallanes y de la Antártica Chilena,Region,71.00
CL-ML,CHL,Maule,VII,Region,91.00
CL-NB,CHL,Ñuble,,Region,82.00
CL-RM,CHL,Región Metropolitana de Santiago,Región Metropolitana|Région Metropolitaine de Santiago|Región Metropolitana|RM,Region,84.00
CL-TA,CHL,Tarapacá,Tarapaca,Region,88.00
CL-VS,CHL,Valparaíso,Aconcagua,Region,53.00
CN-AH,CHN,Anhui,Ānhuī,Province,92.00
CN-BJ,CHN,Beijing,Běijīng,Municipality,91.00
CN-CQ,CHN,Chongqing,Chóngqìng,Municipality,50.00
CN-FJ,CHN,Fujian,Fújiàn,Province,64.00
CN-GD,CHN,Guangdong,Guǎngdōng,Province,56.00
CN-GS,CHN,Gansu,Gānsù,Province,96.00
CN-GX,CHN,Guangxi,Guangxi Zhuang|Guangxi Zhuàngzú,Autonomous Region,56.00
CN-GZ,CHN,Guizhou,Gùizhōu,Province,85.00
CN-HA,CHN,Henan,Hénán,Province,40.00
CN-HB,CHN,Hubei,Húběi,Province,52.00
CN-HE,CHN,Hebei,Héběi,Province,61.00
CN-HI,CHN,Hainan,Hǎinán,Province,56.00
CN-HL,CHN,Heilongjiang,Hēilóngjiāng,Province,45.00
CN-HN,CHN,Hunan,Húnán,Province,61.00
CN-JL,CHN,Jilin,Jílín,Province,93.00
CN-JS,CHN,Jiangsu,Jiāngsū,Province,71.00
CN-JX,CHN,Jiangxi,Jiāngxī,Province,70.00
CN-LN,CHN,Liaoning,Liáoníng,Province,65.00
CN-NM,CHN,Inner Mongol,Nei Mongol|Nèiměnggǔ,Autonomous Region,60.00
CN-NX,CHN,Ningxia,Ningxia Hui|Níngxià Húizú,Autonomous Region,83.00
CN-QH,CHN,Qinghai,,Province,49.00
CN-SC,CHN,Sichuan,Sìchuān,Province,50.00
CN-SD,CHN,Shandong,Shāndōng,Province,75.00
CN-SH,CHN,Shanghai,Shànghǎi,Municipality,96.00
CN-SN,CHN,Shaanxi,Shǎnxī,Province,70.00
CN-SX,CHN,Shanxi,Shānxī,Province,70.00
CN-TJ,CHN,Tianjin,Tiānjīn,Municipality,90.00
CN-X01~,CHN,Paracel Islands,,,93.00
CN-XJ,CHN,Xinjiang,Xinjiang Uygur|Xīnjiāng Wéiwúěr,Autonomous Region,40.00
CN-XZ,CHN,Xizang,Tibet|Xīzàng,Autonomous Region,93.00
CN-YN,CHN,Yunnan,Yúnnán,Province,66.00
CN-ZJ,CHN,Zhejiang,Zhèjiāng,Province,56.00
CI-01,CIV,Lagunes,,Department,76.00
CI-02,CIV,Haut-Sassandra,,Department,42.00
CI-03,CIV,Savanes,,Department,89.00
CI-04,CIV,Vallée du Bandama,,Region,97.00
CI-05,CIV,Comoe,Moyen-Comoe|Sud-Comoé,Department,84.00
CI-06,CIV,Dix-Huit Montagnes,,Department,47.00
CI-07,CIV,Lacs,,Department,54.00
CI-08,CIV,Zanzan,,Region,67.00
CI-09,CIV,Bas-Sassandra,,Department,59.00
CI-10,CIV,Denguélé,,Region,69.00
CI-11,CIV,N'zi-Comoé,,Department,95.00
CI-12,CIV,Marahoué,,Department,56.00
CI-13,CIV,Sud-Comoé,,Region,44.00
CI-14,CIV,Worodougou,,Region,58.00
CI-15,CIV,Sud-Bandama,,Department,98.00
CI-16,CIV,Agnéby,,Department,70.00
CI-17,CIV,Bafing,,Region,68.00
CI-18,CIV,Fromager,,Region,44.00
CI-19,CIV,Cavally,Moyen-Cavally,Department,99.00
-99-X02~,CLP,Clipperton Island,,,50.00
CM-AD,CMR,Adamaoua,Adamoua|Adamaua|Adamawa,Province,55.00
CM-CE,CMR,Centre,Central,Province,51.00
CM-EN,CMR,Extrême-Nord,Extreme-North,Province,91.00
CM-ES,CMR,Est,East,Province,66.00
CM-LT,CMR,Littoral,Litoral,Province,71.00
CM-NO,CMR,Nord,North,Province,91.00
CM-NW,CMR,Nord-Ouest,North-West,Province,49.00
CM-OU,CMR,Ouest,West,Province,97.00
CM-SU,CMR,Sud,South,Province,86.00
CM-SW,CMR,Sud-Ouest,South-West,Province,66.00
CD-BC,COD,Bas-Congo,Bas-Zaire|Bas-Zaïre|Kongo-Central|Lower Zaire,Province,59.00
CD-BN,COD,Bandundu,,Province,45.00
CD-EQ,COD,Équateur,Equator|Equatorial,Province,97.00
CD-KA,COD,Katanga,Shaba,Province,59.00
CD-KE,COD,Kasaï-Oriental,East Kasai|Kasai East,Province,77.00
CD-KN,COD,Kinshasa City,Kinshasa|Léopoldville,Neutral City,90.00
CD-KW,COD,Kasaï-Occidental,Kasai West|West Kasai|West Kassai,Province,74.00
CD-MA,COD,Maniema,,Province,79.00
CD-NK,COD,Nord-Kivu,,Province,53.00
CD-OR,COD,Orientale,Haut-Zaire|Haut-ZaïreUpper Zaire,Province,50.00
CD-SK,COD,Sud-Kivu,Sud-Kivou|Sud Kivou|Sud Kivu,Province,95.00
CG-11,COG,Bouenza,,Region,64.00
CG-12,COG,Pool,,Region,41.00
CG-13,COG,Sangha,,Region,84.00
CG-14,COG,Plateaux,,Region,66.00
CG-15,COG,Cuvette-Ouest,,Region,50.00
CG-16,COG,Pointe Noire,,Region,44.00
CG-2,COG,Lékoumou,,Region,79.00
CG-5,COG,Kouilou,,Region,96.00
CG-7,COG,Likouala,,Region,53.00
CG-8,COG,Cuvette,,Region,88.00
CG-9,COG,Niari,,Region,54.00
CG-BZV,COG,Brazzaville,,Region,76.00
CK-X01~,COK,Atiu,,,83.00
CK-X02~,COK,Aitutaki,,,55.00
CK-X03~,COK,Mangaia,,,83.00
CK-X04~,COK,Rarotonga,,,54.00
CK-X05~,COK,Mitiaro,,,63.00
CK-X06~,COK,Mauke,,,67.00
CK-X07~,COK,Palmerston,,,85.00
CK-X08~,COK,Pukapuka,,,97.00
CK-X09~,COK,Rakahanga,,,88.00
CK-X10~,COK,Manihiki,,,55.00
CK-X11~,COK,Penrhyn,Tongareva|Mangarongaro|Hararanga|Te Pitaka,,85.00
CO-AMA,COL,Amazonas,,Commissiary,70.00
CO-ANT,COL,Antioquia,,Department,66.00
CO-ARA,COL,Arauca,,Intendancy,62.00
CO-ATL,COL,Atlántico,,Department,93.00
CO-BOL,COL,Bolívar,,Department,71.00
CO-BOY,COL,Boyacá,,Department,63.00
CO-CAL,COL,Caldas,,Department,80.00
CO-CAQ,COL,Caquetá,,Intendancy,95.00
CO-CAS,COL,Casanare,,Intendancy,41.00
CO-CAU,COL,Cauca,,Department,75.00
CO-CES,COL,Cesar,El Cesar,Department,77.00
CO-CHO,COL,Chocó,,Department,95.00
CO-COR,COL,Córdoba,,Department,86.00
CO-CUN,COL,Bogota,Bogota Capital District,Federal District,76.00
CO-CUN,COL,Cundinamarca,,Department,76.00
CO-GUA,COL,Guainía,Guania,Commissiary,61.00
CO-GUV,COL,Guaviare,,Commissiary,77.00
CO-HUI,COL,Huila,,Department,78.00
CO-LAG,COL,La Guajira,Guajira|Goagira|La Goajira,Department,47.00
CO-MAG,COL,Magdalena,La Magdalena,Department,77.00
CO-MET,COL,Meta,,Department,73.00
CO-NAR,COL,Nariño,,Department,54.00
CO-NSA,COL,Norte de Santander,Santander del Norte,Department,94.00
CO-PUT,COL,Putumayo,,Intendancy,51.00
CO-QUI,COL,Quindío,,Department,45.00
CO-RIS,COL,Risaralda,,Department,46.00
CO-SAN,COL,Santander,,Department,63.00
CO-SAP,COL,San Andrés y Providencia,Saint Andrew and Providence,Department,44.00
CO-SUC,COL,Sucre,,Department,55.00
CO-TOL,COL,Tolima,,Department,84.00
CO-VAC,COL,Valle del Cauca,Valle,Department,71.00
CO-VAU,COL,Vaupés,,Commissiary,56.00
CO-VID,COL,Vichada,,Commissiary,96.00
CO-X01~,COL,,,,56.00
KM-A,COM,Andjouân,Andjouân|Anjwān|Anjouan|Ndzuwani,,45.00
KM-G,COM,Andjazîdja,Andjazîdja|Anjazījah|Grande Comore|Ngazidja,,67.00
KM-M,COM,Moûhîlî,Moûhîlî|Mūhīlī|Mohéli|Mwali,,42.00
CV-BR,CPV,Brava,,,60.00
CV-BV,CPV,Boa Vista,,,57.00
CV-CA,CPV,Santa Catarina,,,85.00
CV-CF,CPV,Santa Catarina do Fogo,,,70.00
CV-CR,CPV,Santa Cruz,,,68.00
CV-MA,CPV,Maio,,,59.00
CV-MO,CPV,Mosteiros,,,53.00
CV-PA,CPV,Paul,,,84.00
CV-PN,CPV,Porto Novo,,,93.00
CV-PR,CPV,Praia,,,92.00
CV-RB,CPV,Ribeira Brava,,,66.00
CV-RG,CPV,Ribeira Grande,,,43.00
CV-RS,CPV,Ribeira Grande de Santiago,,,69.00
CV-SD,CPV,São Domingos,,,90.00
CV-SF,CPV,São Filipe,,,89.00
CV-SL,CPV,Sal,,,86.00
CV-SM,CPV,São Miguel,,,81.00
CV-SO,CPV,São Lourenço dos Órgãos,,,82.00
CV-SS,CPV,São Salvador do Mundo,,,96.00
CV-SV,CPV,São Vicente,,,43.00
CV-TA,CPV,Tarrafal,,,90.00
CV-TS,CPV,Tarrafal de São Nicolau,,,54.00
CR-A,CRI,Alajuela,,Province,40.00
CR-C,CRI,Cartago,,Province,82.00
CR-G,CRI,Guanacaste,,Province,87.00
CR-H,CRI,Heredia,,Province,70.00
CR-L,CRI,Limón,Puerto Lim¢n,Province,48.00
CR-P,CRI,Puntarenas,,Province,41.00
CR-SJ,CRI,San José,,Province,56.00
-99-X03~,CSI,Coral Sea Islands,,,86.00
CU-01,CUB,Pinar del Río,,Province,66.00
CU-03,CUB,Ciudad de la Habana,,Province,58.00
CU-04,CUB,Matanzas,,Province,77.00
CU-05,CUB,Villa Clara,,Province,82.00
CU-06,CUB,Cienfuegos,,Province,54.00
CU-07,CUB,Sancti Spíritus,,Province,87.00
CU-08,CUB,Ciego de Ávila,,Province,48.00
CU-09,CUB,Camagüey,Puerto Principe,Province,86.00
CU-10,CUB,Las Tunas,,Province,64.00
CU-11,CUB,Holguín,,Province,78.00
CU-12,CUB,Granma,,Province,84.00
CU-13,CUB,Santiago de Cuba,,Province,57.00
CU-14,CUB,Guantánamo,,Province,68.00
CU-15,CUB,Artemisa,,Province,93.00
CU-16,CUB,Mayabeque,,Province,87.00
CU-99,CUB,Isla de la Juventud,,Special Municipality,92.00
CW-X01~,CUW,Curaçao,,,56.00
KY-X01~,CYM,Cayman Islands,,,63.00
-99-X04~,CYN,Northern Cyprus,,,96.00
CY-01,CYP,Nicosia,Lefkosía|Levkosía|Lefkosa|Nicosie|Nikosia,District,40.00
CY-02,CYP,Limassol,Limasol,District,84.00
CY-03,CYP,Larnaca,Larnaka|L rnax,District,44.00
CY-04,CYP,Famagusta,Famgusta|Ammochostos|Famagosta|Famagouste|Gazimagosa|Gazimagusa|Magusa,District,83.00
CY-05,CYP,Paphos,Baf|Pafos,District,89.00
CZ-JC,CZE,Jihočeský,Budweis|Budejovický|Ceskobudejovický|South Bohemian,Region,74.00
CZ-JM,CZE,Jihomoravský,"South Moravian Region, Jihomoravský kraj",Region,46.00
CZ-KA,CZE,Karlovarský,Carlsbad| Karlovy Vary,Region,43.00
CZ-KR,CZE,Královéhradecký,Königsgrätz| Hradec Králové,Region,81.00
CZ-LI,CZE,Liberecký,Reichenberg| Liberec,Region,41.00
CZ-MO,CZE,Moravskoslezský,Mährisch-Ostrau|Mähren|Morava|Moravie|Mor via|Moravskoslezský|Ostravský| Moravian-Silesian,Region,86.00
CZ-OL,CZE,Olomoucký,"Olomouc Region, Olomoucký kraj",Region,64.00
CZ-PA,CZE,Pardubický,"Pardubice Region, Pardubický kraj",Region,68.00
CZ-PL,CZE,Plzeňský,"Plzeň Region, Plzeňský kraj",Region,49.00
CZ-PR,CZE,Prague,Prag |Hlavní město Praha,Region,44.00
CZ-ST,CZE,Středočeský,Central Bohemian,Region,59.00
CZ-US,CZE,Ústecký,"Ústí nad Labem Region, Ústecký kraj",Region,42.00
CZ-VY,CZE,Vysočina,Iglau|Jihlavský|Vysocina|Vysočina,Region,92.00
CZ-ZL,CZE,Zlínský,"Zlín Region, Zlínský kraj",Region,96.00
DE-BB,DEU,Brandenburg,,State,68.00
DE-BE,DEU,Berlin,,State,56.00
DE-BW,DEU,Baden-Württemberg,,State,84.00
DE-BY,DEU,Bayern,Bavaria,State,46.00
DE-HB,DEU,Bremen,,State,86.00
DE-HE,DEU,Hessen,Hesse,State,40.00
DE-HH,DEU,Hamburg,,State,76.00
DE-MV,DEU,Mecklenburg-Vorpommern,Mecklenburg-West Pomerania,State,46.00
DE-NI,DEU,Niedersachsen,Lower Saxony,State,44.00
DE-NW,DEU,Nordrhein-Westfalen,North Rhine-Westphalia,State,97.00
DE-RP,DEU,Rheinland-Pfalz,Rhineland-Palatinate,State,83.00
DE-SH,DEU,Schleswig-Holstein,,State,69.00
DE-SL,DEU,Saarland,,State,72.00
DE-SN,DEU,Sachsen,Saxony,State,48.00
DE-ST,DEU,Sachsen-Anhalt,Saxony-Anhalt,State,64.00
DE-TH,DEU,Thüringen,Thuringia,State,43.00
DJ-AR,DJI,Arta,,Region,75.00
DJ-AS,DJI,Ali Sabieh,`Ali Sabîh,Region,93.00
DJ-DI,DJI,Dikhil,Dikkil,Region,59.00
DJ-DJ,DJI,Djibouti,,City,77.00
DJ-OB,DJI,Obock,,Region,58.00
DJ-TA,DJI,Tadjourah,Tadjoura,Region,49.00
DM-02,DMA,Saint Andrew,,Parish,61.00
DM-03,DMA,Saint David,,Parish,74.00
DM-04,DMA,Saint George,,Parish,78.00
DM-05,DMA,Saint John,,Parish,85.00
DM-06,DMA,Saint Joseph,,Parish,60.00
DM-07,DMA,Saint Luke,,Parish,67.00
DM-08,DMA,Saint Mark,,Parish,70.00
DM-09,DMA,Saint Patrick,,Parish,49.00
DM-10,DMA,Saint Paul,,Parish,77.00
DM-11,DMA,Saint Peter,,Parish,74.00
DK-81,DNK,Nordjylland,North,Region,63.00
DK-82,DNK,Midtjylland,Central,Region,60.00
DK-83,DNK,Syddanmark,Southern,Region,71.00
DK-84,DNK,Hovedstaden,Capital Region,Region,48.00
DK-85,DNK,Sjaælland,Sjaelland|Zealand,Region,81.00
DO-01,DOM,Distrito Nacional,,National District,69.00
DO-02,DOM,Azua,,Province,60.00
DO-03,DOM,Bahoruco,Baoruco,Province,42.00
DO-04,DOM,Barahona,,Province,81.00
DO-05,DOM,Dajabón,Libertador,Province,60.00
DO-06,DOM,Duarte,,Province,44.00
DO-07,DOM,La Estrelleta,Elías Piña|San Rafael,Province,85.00
DO-08,DOM,El Seybo,El Seibo,Province,89.00
DO-09,DOM,Espaillat,,Province,87.00
DO-10,DOM,Independencia,,Province,86.00
DO-11,DOM,La Altagracia,,Province,44.00
DO-12,DOM,La Romana,,Province,82.00
DO-13,DOM,La Vega,,Province,46.00
DO-14,DOM,María Trinidad Sánchez,Maria Trinidad S|Trinidad S nchez Nagua,Province,85.00
DO-15,DOM,Monte Cristi,,Province,56.00
DO-16,DOM,Pedernales,,Province,58.00
DO-17,DOM,Peravia,José Trujillo Valdez,Province,90.00
DO-18,DOM,Puerto Plata,,Province,99.00
DO-19,DOM,Hermanas,,Province,85.00
DO-20,DOM,Samaná,,Province,55.00
DO-21,DOM,San Cristóbal,Trujillo,Province,94.00
DO-22,DOM,San Juan,Benefactor|San Juan de la Maguana,Province,86.00
DO-23,DOM,San Pedro de Macorís,,Province,74.00
DO-24,DOM,Sánchez Ramírez,,Province,91.00
DO-25,DOM,Santiago,,Province,44.00
DO-26,DOM,Santiago Rodríguez,Santiago Rodrigu,Province,73.00
DO-27,DOM,Valverde,,Province,93.00
DO-28,DOM,Monseñor Nouel,Monsenor Novel,Province,77.00
DO-29,DOM,Monte Plata,,Province,91.00
DO-30,DOM,Hato Mayor,Hato Major,Province,51.00
DO-31,DOM,San José de Ocoa,José Trujillo Valdez,Province,66.00
DO-32,DOM,Santo Domingo,,Province,71.00
DZ-01,DZA,Adrar,Duperré,Province,46.00
DZ-02,DZA,Chlef,El Asnam|Orléansville|Ech Cheliff,Province,47.00
DZ-03,DZA,Laghouat,,Province,87.00
DZ-04,DZA,Oum el Bouaghi,Oum el Bouagui|Canrobert,Province,56.00
DZ-05,DZA,Batna,,Province,60.00
DZ-06,DZA,Béjaïa,Bougie|Bedjaya|Bidjaia|Bugia|Bujia,Province,64.00
DZ-07,DZA,Biskra,Beskra,Province,54.00
DZ-08,DZA,Béchar,Colomb-Béchar|Bechar,Province,65.00
DZ-09,DZA,Blida,El Boulaïda|Al-Boulaida,Province,99.00
DZ-10,DZA,Bouira,,Province,88.00
DZ-11,DZA,Tamanghasset,Tamanrasset|Tamenghasset|Tamenghest|Fort Laperrine,Province,70.00
DZ-12,DZA,Tébessa,Tbessa,Province,72.00
DZ-13,DZA,Tlemcen,Tilimsene|Tlemsane|Tilimsen|Tremecém,Province,52.00
DZ-14,DZA,Tiaret,Tendouf|Tihert,Province,61.00
DZ-15,DZA,Tizi Ouzou,Tizi-ouzou|Tizi Wezzu,Province,40.00
DZ-16,DZA,Alger,Algeri|Algiers|Algier|al-Jazair|al-Djazair|El Djazaïr|Argel|Dzayer|Djezaïr,Province,97.00
DZ-17,DZA,Djelfa,El Djelfa,Province,44.00
DZ-18,DZA,Jijel,Djidjel| Djidjelli,Province,66.00
DZ-19,DZA,Sétif,Stif,Province,86.00
DZ-20,DZA,Saïda,,Province,90.00
DZ-21,DZA,Skikda,Philippeville|Skidda,Province,83.00
DZ-22,DZA,Sidi Bel Abbès,Sidi-Bel-Abbes,Province,97.00
DZ-23,DZA,Annaba,Anaba|Bona|Bône,Province,45.00
DZ-24,DZA,Guelma,,Province,77.00
DZ-25,DZA,Constantine,Constantina|Costatina|Qoussantina|Qacentina,Province,72.00
DZ-26,DZA,Médéa,El Mediyya|Lemdiyya,Province,53.00
DZ-27,DZA,Mostaganem,Mostaghanem|Mestghanem,Province,51.00
DZ-28,DZA,M'Sila,Msila,Province,66.00
DZ-29,DZA,Mascara,Mouaskar,Province,65.00
DZ-30,DZA,Ouargla,Wargla,Province,65.00
DZ-31,DZA,Oran,Orán|Orano|Orão|Ouahran|Ouahrane|Wahran,Province,73.00
DZ-32,DZA,El Bayadh,El Bayad|El Beyyadh|Géryville,Province,65.00
DZ-33,DZA,Illizi,Polignac|Fort Polignac|Ilizi,Province,67.00
DZ-34,DZA,Bordj Bou Arréridj,Borjbouarirej|Bordi Bou Arreridj,Province,89.00
DZ-35,DZA,Boumerdès,Boumerdas,Province,45.00
DZ-36,DZA,El Tarf,Et Tarf|El Taref,Province,75.00
DZ-37,DZA,Tindouf,Tiaret,Province,82.00
DZ-38,DZA,Tissemsilt,Vialar,Province,61.00
DZ-39,DZA,El Oued,,Province,64.00
DZ-40,DZA,Khenchela,Khenchela,Province,87.00
DZ-41,DZA,Souk Ahras,Souk-Ahras|Souq Ahras,Province,40.00
DZ-42,DZA,Tipaza,Tibaza| Tefessedt,Province,85.00
DZ-43,DZA,Mila,,Province,91.00
DZ-44,DZA,Aïn Defla,Ain Dafla,Province,45.00
DZ-45,DZA,Naâma,Naama,Province,54.00
DZ-46,DZA,Aïn Témouchent,Ain Tamouchent,Province,69.00
DZ-47,DZA,Ghardaïa,GhardaSa|Gharday,Province,62.00
DZ-48,DZA,Relizane,Ghelizane|Ghilizane,Province,64.00
EC-A,ECU,Azuay,,Province,75.00
EC-B,ECU,Bolivar,,Province,93.00
EC-C,ECU,Carchi,,Province,48.00
EC-D,ECU,Orellana,,Province,41.00
EC-E,ECU,Esmeraldas,,Province,82.00
EC-F,ECU,Cañar,,Province,61.00
EC-G,ECU,Guayas,,Province,46.00
EC-H,ECU,Chimborazo,,Province,74.00
EC-I,ECU,Imbabura,,Province,77.00
EC-L,ECU,Loja,,Province,50.00
EC-M,ECU,Manabi,,Province,99.00
EC-N,ECU,Napo,,Province,93.00
EC-O,ECU,El Oro,,Province,41.00
EC-P,ECU,Pichincha,,Province,42.00
EC-R,ECU,Los Rios,,Province,68.00
EC-S,ECU,Morona Santiago,,Province,74.00
EC-SD,ECU,Santo Domingo de los Tsáchilas,,Province,48.00
EC-SE,ECU,Santa Elena,,Province,85.00
EC-T,ECU,Tungurahua,,Province,40.00
EC-U,ECU,Sucumbios,,Province,70.00
EC-W,ECU,Galápagos,,Province,41.00
EC-X,ECU,Cotopaxi,Le¢n,Province,86.00
EC-Y,ECU,Pastaza,,Province,98.00
EC-Z,ECU,Zamora Chinchipe,,Province,55.00
EG-ALX,EGY,Al Iskandariyah,Alejandr¡a|Alexandria|Alexandrie|El Iskandariya,Governorate,94.00
EG-ASN,EGY,Aswan,Assouan|Assuã|Assuán|Syene,Governorate,68.00
EG-AST,EGY,Asyut,Asyiut|Assiout|Assiut|Assyut|Asyout,Governorate,90.00
EG-BA,EGY,Al Bahr al Ahmar,Mar Rojo|Mar Vermelho|Mer Rouge|Red Sea,Governorate,52.00
EG-BH,EGY,Al Buhayrah,Beheira|Behera|El Buhayra|Béhéra,Governorate,90.00
EG-BNS,EGY,Bani Suwayf,Beni Suwayf|Beni Souef|Beni Suef,Governorate,97.00
EG-C,EGY,Al Qahirah,Cairo|El Cairo|El Qahira|Le Caire,Governorate,50.00
EG-DK,EGY,Ad Daqahliyah,Al Daqahliyah|Dacahlia|Dagahlia|Dakahlieh|Dakahliya|Dakalieh|Daqalīya|Dakahlia|Dekahlia,Governorate,65.00
EG-DT,EGY,Dumyat,Damietta|Damiette|Dumiāt,Governorate,83.00
EG-FYM,EGY,Al Fayyum,El Faiyum|el Fayoum|Faium|Faiyūm|Fayum|Fayoum|Fayyum,Governorate,44.00
EG-GH,EGY,Al Gharbiyah,al-Garbīyah|El Gharbiya|Garbia|Gharbieh|Gharbīya|Gharbia,Governorate,63.00
EG-GZ,EGY,Al Jizah,El Giza|El Gīzah|Gizeh|Giza|Guizèh,Governorate,41.00
EG-IS,EGY,Al Isma`iliyah,As Ismailiyah|Ismailia|Ismaïlia|Isma'iliya,Governorate,69.00
EG-JS,EGY,Janub Sina',Janub Sina|Sina al-Janubiyah|Sina' al-Janūbīyah|Sinai al Janūbīa|South Sinai|Sud Sinaī,Governorate,49.00
EG-KB,EGY,Al Qalyubiyah,Caliubia|Kalioubieh|Kalioubiya|Qaliyubia|Qalyubiya|Kalyoubia|Kalyubia,Governorate,55.00
EG-KFS,EGY,Kafr ash Shaykh,Kafr-El-Sheikh|Kafr ash Shaikh|Kafr ash-Shayk|Kafr el Sheik|Kafr el Sheikh,Governorate,40.00
EG-KN,EGY,Qina,Kena|Qena|Quena,Governorate,85.00
EG-LX,EGY,Luxor,al-Aqṣur|Aqsur|Uqsur,Governorate,77.00
EG-MN,EGY,Al Minya,Minia|Minieh|Menia|Minya,Governorate,69.00
EG-MNF,EGY,Al Minufiyah,Menoufieh|Menufia|Menūfīya|Minūfīya|Munufia|Menoufia|Minufia,Governorate,81.00
EG-MT,EGY,Matruh,Marsā Matrūh|Mersa Matruh|Western Desert|Matrouh,Governorate,82.00
EG-PTS,EGY,Bur Sa`id,Bur Said|Canal|Port Said|Port-Saïd,Governorate,58.00
EG-SHG,EGY,Suhaj,Girga|Girgeh|Sawhāj|Sohag|Suhag,Governorate,96.00
EG-SHR,EGY,Ash Sharqiyah,Charkieh|Sharqia|Sharqīya|Sharquia|Sharkia,Governorate,63.00
EG-SIN,EGY,Shamal Sina',Shamal Sina|Nord Sinaï|North Sinai|Sina ash-Shamālīyah|Sinai ash Shamālīya,Governorate,50.00
EG-SUZ,EGY,As Suways,El Suweiz|Es Suweis|Suez,Governorate,81.00
EG-WAD,EGY,Al Wadi at Jadid,,Governorate,46.00
ER-AN,ERI,Anseba,Ansaba|A'Nseba,Region,76.00
ER-DK,ERI,Debubawi Keyih Bahri,Southern Red Sea|Debubawi Keyh Bahri|Debub-Keih-Bahri|al-Bahru al-Ahmaru al-Janubi,Region,80.00
ER-DU,ERI,Debub,Southern|al-Janubiyah,Region,70.00
ER-GB,ERI,Gash Barka,Gash-Barka|al-Qash wa-Barka|Debubawi Gash Barka,Region,92.00
ER-MA,ERI,Maekel,Central|al-Markaziyah|Maakel|Maekelay|Ma'kil|Makelay,Region,88.00
ER-SK,ERI,Semenawi Keyih Bahri,Northern Red Sea|al-Bahru al-Ahmaru ash-Shimali|Semenawi Keyh Bahri|Semien-Keih-Bahri,Region,44.00
-99-X16~,ESB,Dhekelia,Eastern Sovereign Base,,58.00
ES-A,ESP,Alicante,,Autonomous Community,77.00
ES-AB,ESP,Albacete,,Autonomous Community,56.00
ES-AL,ESP,Almería,,Autonomous Community,90.00
ES-AV,ESP,Ávila,,Autonomous Community,41.00
ES-B,ESP,Barcelona,,Autonomous Community,72.00
ES-BA,ESP,Badajoz,,Autonomous Community,67.00
ES-BI,ESP,Bizkaia,Biscay|Vizcaya,Autonomous Community,85.00
ES-BU,ESP,Burgos,,Autonomous Community,63.00
ES-C,ESP,La Coruña,,Autonomous Community,46.00
ES-CA,ESP,Cádiz,,Autonomous Community,44.00
ES-CC,ESP,Cáceres,,Autonomous Community,66.00
ES-CE,ESP,Ceuta,,Autonomous City,65.00
ES-CO,ESP,Córdoba,,Autonomous Community,97.00
ES-CR,ESP,Ciudad Real,,Autonomous Community,69.00
ES-CS,ESP,Castellón,,Autonomous Community,68.00
ES-CU,ESP,Cuenca,,Autonomous Community,93.00
ES-GC,ESP,Las Palmas,,Autonomous Community,91.00
ES-GI,ESP,Gerona,,Autonomous Community,89.00
ES-GR,ESP,Granada,,Autonomous Community,64.00
ES-GU,ESP,Guadalajara,,Autonomous Community,86.00
ES-H,ESP,Huelva,,Autonomous Community,41.00
ES-HU,ESP,Huesca,,Autonomous Community,71.00
ES-J,ESP,Jaén,,Autonomous Community,80.00
ES-L,ESP,Lérida,,Autonomous Community,61.00
ES-LE,ESP,León,,Autonomous Community,43.00
ES-LO,ESP,La Rioja,,Autonomous Community,80.00
ES-LU,ESP,Lugo,,Autonomous Community,54.00
ES-M,ESP,Madrid,,Autonomous Community,63.00
ES-MA,ESP,Málaga,,Autonomous Community,98.00
ES-ML,ESP,Melilla,,Autonomous City,45.00
ES-MU,ESP,Murcia,,Autonomous Community,63.00
ES-NA,ESP,Navarra,,Autonomous Community,85.00
ES-O,ESP,Asturias,,Autonomous Community,98.00
ES-OR,ESP,Orense,,Autonomous Community,42.00
ES-P,ESP,Palencia,,Autonomous Community,60.00
ES-PM,ESP,Baleares,,Autonomous Community,54.00
ES-PO,ESP,Pontevedra,,Autonomous Community,66.00
ES-S,ESP,Cantabria,,Autonomous Community,54.00
ES-SA,ESP,Salamanca,,Autonomous Community,58.00
ES-SE,ESP,Sevilla,,Autonomous Community,94.00
ES-SG,ESP,Segovia,,Autonomous Community,82.00
ES-SO,ESP,Soria,,Autonomous Community,94.00
ES-SS,ESP,Gipuzkoa,,Autonomous Community,57.00
ES-T,ESP,Tarragona,,Autonomous Community,40.00
ES-TE,ESP,Teruel,,Autonomous Community,53.00
ES-TF,ESP,Santa Cruz de Tenerife,,Autonomous Community,63.00
ES-TO,ESP,Toledo,,Autonomous Community,95.00
ES-V,ESP,Valencia,,Autonomous Community,94.00
ES-VA,ESP,Valladolid,,Autonomous Community,99.00
ES-VI,ESP,Álava,,Autonomous Community,83.00
ES-Z,ESP,Zaragoza,,Autonomous Community,91.00
ES-ZA,ESP,Zamora,,Autonomous Community,47.00
EE-37,EST,Harju,Harjumaa|Harju maakond,County,46.00
EE-39,EST,Hiiu,Hiiumaa|Hiiu maakond|Dagö,County,94.00
EE-44,EST,Ida-Viru,Ida-Virumaa|Ida-Viru maakond,County,62.00
EE-49,EST,Jõgeva,Jogeva|Jõgevamaa|Jõgeva maakond,County,88.00
EE-51,EST,Järva,Jaerva|Järvamaa|Järva maakond,County,71.00
EE-57,EST,Lääne,Laeaene|Läänemaa|Lääne maakond,County,81.00
EE-59,EST,Lääne-Viru,Laeaene-Viru|Lääne-Virumaa|Lääne-Viru maakond,County,86.00
EE-65,EST,Põlva,Polva|Põlvamaa|Põlva maakond,County,81.00
EE-67,EST,Pärnu,Paernu|Pärnumaa|Pärnu maakond,County,82.00
EE-70,EST,Rapla,Raplamaa|Rapla maakond,County,68.00
EE-74,EST,Saare,Saaremaa|Saare maakond|Ösel,Municipality,71.00
EE-78,EST,Tartu,Tartumaa|Tartu maakond|Dorpat,County,99.00
EE-82,EST,Valga,Valgamaa|Valga maakond,County,54.00
EE-84,EST,Viljandi,Viljandimaa|Viljandi maakond|Vilyandi,County,69.00
EE-86,EST,Võru,Voru|Võrumaa|Võru maakond,County,99.00
ET-AA,ETH,Addis Ababa,Āddīs Ābaba|Addis Abeba|Adis-Abeba|Ādīs Ābeba,Administrative State,86.00
ET-AF,ETH,Afar,,Administrative State,41.00
ET-AM,ETH,Amhara,Amara,Administrative State,85.00
ET-BE,ETH,Benshangul-Gumaz,Benishangul|Beni Shangul|Bénishangul|Benishangul-Gumuz|Binshangul Gumuz,Administrative State,90.00
ET-DD,ETH,Dire Dawa,,Administrative State,89.00
ET-GA,ETH,Gambela Peoples,Gambella|Gambela Hizboch,Administrative State,89.00
ET-HA,ETH,Harari People,Harari|Harer|Hareri Hizb,Administrative State,69.00
ET-OR,ETH,Oromiya,,Administrative State,51.00
ET-SN,ETH,"Southern Nations, Nationalities and Peoples","Southern Nations, Nationalities, and People's Region",Administrative State,40.00
ET-SO,ETH,Somali,Sumale,Administrative State,58.00
ET-TI,ETH,Tigray,Tegr?|Tigrai|Tigre|Tigr?|Tigré,Administrative State,94.00
FI-02,FIN,South Karelia,Etelä-Karjala|Södra Karelen,Province,78.00
FI-03,FIN,Southern Ostrobothnia,Etelä-Pohjanmaa|Södra Österbotten,Province,91.00
FI-04,FIN,Southern Savonia,Etelä-Savo|Södra Savolax,Province,74.00
FI-05,FIN,Kainuu,Kainuu|Kajanaland,Province,68.00
FI-06,FIN,Tavastia Proper,Kanta-Häme|Egentliga Tavastland,Region,69.00
FI-07,FIN,Central Ostrobothnia,Keski-Pohjanmaa|Mellersta Österbotten,Province,40.00
FI-08,FIN,Central Finland,Keski-Suomi|Mellersta Finland,Province,51.00
FI-09,FIN,Kymenlaakso,Kymmenedalen,Province,77.00
FI-10,FIN,Lapland,Lapin lääni|Lappi|Laponia|Lapônia|Laponie|Lappland|Lapplands län,Province,47.00
FI-11,FIN,Pirkanmaa,Pirkanmaa|Birkaland,Region,65.00
FI-12,FIN,Ostrobothnia,Pohjanmaa|Österbotten,Province,44.00
FI-13,FIN,North Karelia,Pohjois-Karjala|Norra Karelen,Province,48.00
FI-14,FIN,Northern Ostrobothnia,Pohjois-Pohjanmaa|Norra Österbotten,Province,46.00
FI-15,FIN,Northern Savonia,Pohjois-Savo|Norra Savolax,Province,75.00
FI-16,FIN,Päijät-Häme,Päijänne Tavastland,Province,53.00
FI-17,FIN,Satakunta,Satakunta|Satakunda,Region,87.00
FI-18,FIN,Uusimaa,Nyland,Province,61.00
FI-19,FIN,Finland Proper,Varsinais-Suomi|Egentliga Finland,Region,74.00
FJ-C,FJI,Central,,Division,55.00
FJ-E,FJI,Eastern,,Division,68.00
FJ-N,FJI,Northern,,Division,79.00
FJ-R,FJI,Rotuma,,Division,80.00
FJ-W,FJI,Western,,Division,68.00
FK-X01~,FLK,Falkland Islands,,,73.00
FR-01,FRA,Ain,Rhone-Alpes,Metropolitan department,60.00
FR-02,FRA,Aisne,,Metropolitan department,60.00
FR-03,FRA,Allier,,Metropolitan department,79.00
FR-04,FRA,Alpes-de-Haute-Provence,Provenza-Alpes-Costa de Azul,Metropolitan department,44.00
FR-05,FRA,Hautes-Alpes,Provenza-Alpes-Costa de Azul,Metropolitan department,71.00
FR-06,FRA,Alpes-Maritimes,Provenza-Alpes-Costa de Azul,Metropolitan department,79.00
FR-07,FRA,Ardèche,Rhone-Alpes,Metropolitan department,51.00
FR-08,FRA,Ardennes,Champaña-Ardenne,Metropolitan department,57.00
FR-09,FRA,Ariège,,Metropolitan department,75.00
FR-10,FRA,Aube,Champaña-Ardenne,Metropolitan department,50.00
FR-11,FRA,Aude,Languedoc-Rosellon,Metropolitan department,89.00
FR-12,FRA,Aveyron,,Metropolitan department,44.00
FR-13,FRA,Bouches-du-Rhône,Provenza-Alpes-Costa de Azul,Metropolitan department,84.00
FR-14,FRA,Calvados,Baja Normand¡a|Lower Normandy,Metropolitan department,67.00
FR-15,FRA,Cantal,,Metropolitan department,75.00
FR-16,FRA,Charente,,Metropolitan department,45.00
FR-17,FRA,Charente-Maritime,,Metropolitan department,72.00
FR-18,FRA,Cher,,Metropolitan department,66.00
FR-19,FRA,Corrèze,Lemosin,Metropolitan department,95.00
FR-21,FRA,Côte-d'Or,Borgoña|Burgundy,Metropolitan department,56.00
FR-22,FRA,Côtes-d'Armor,Bretaña|Brittany,Metropolitan department,99.00
FR-23,FRA,Creuse,Lemosin,Metropolitan department,57.00
FR-24,FRA,Dordogne,,Metropolitan department,68.00
FR-25,FRA,Doubs,Franco-Condado,Metropolitan department,68.00
FR-26,FRA,Drôme,Rhone-Alpes,Metropolitan department,94.00
FR-27,FRA,Eure,Alta Normand¡a|Upper Normandy,Metropolitan department,63.00
FR-28,FRA,Eure-et-Loir,,Metropolitan department,84.00
FR-29,FRA,Finistère,Bretaña|Brittany,Metropolitan department,62.00
FR-2A,FRA,Corse-du-Sud,C¢rcega|C¢rsega|Corsica,Metropolitan department,66.00
FR-2B,FRA,Haute-Corse,C¢rcega|C¢rsega|Corsica,Metropolitan department,88.00
FR-30,FRA,Gard,Languedoc-Rosellon,Metropolitan department,88.00
FR-31,FRA,Haute-Garonne,,Metropolitan department,91.00
FR-32,FRA,Gers,,Metropolitan department,57.00
FR-33,FRA,Gironde,,Metropolitan department,86.00
FR-34,FRA,Hérault,Languedoc-Rosellon,Metropolitan department,99.00
FR-35,FRA,Ille-et-Vilaine,Bretaña|Brittany,Metropolitan department,44.00
FR-36,FRA,Indre,,Metropolitan department,45.00
FR-37,FRA,Indre-et-Loire,,Metropolitan department,52.00
FR-38,FRA,Isère,Rhone-Alpes,Metropolitan department,49.00
FR-39,FRA,Jura,Franco-Condado,Metropolitan department,76.00
FR-40,FRA,Landes,,Metropolitan department,95.00
FR-41,FRA,Loir-et-Cher,,Metropolitan department,82.00
FR-42,FRA,Loire,Rhone-Alpes,Metropolitan department,71.00
FR-43,FRA,Haute-Loire,,Metropolitan department,85.00
FR-44,FRA,Loire-Atlantique,,Metropolitan department,94.00
FR-45,FRA,Loiret,,Metropolitan department,84.00
FR-46,FRA,Lot,,Metropolitan department,85.00
FR-47,FRA,Lot-et-Garonne,,Metropolitan department,71.00
FR-48,FRA,Lozère,Languedoc-Rosellon,Metropolitan department,54.00
FR-49,FRA,Maine-et-Loire,,Metropolitan department,71.00
FR-50,FRA,Manche,Baja Normand¡a|Lower Normandy,Metropolitan department,44.00
FR-51,FRA,Marne,Champaña-Ardenne,Metropolitan department,43.00
FR-52,FRA,Haute-Marne,Champaña-Ardenne,Metropolitan department,53.00
FR-53,FRA,Mayenne,,Metropolitan department,42.00
FR-54,FRA,Meurthe-et-Moselle,Lorena,Metropolitan department,98.00
FR-55,FRA,Meuse,Lorena,Metropolitan department,53.00
FR-56,FRA,Morbihan,Bretaña|Brittany,Metropolitan department,54.00
FR-57,FRA,Moselle,Lorena,Metropolitan department,57.00
FR-58,FRA,Nièvre,Borgoña|Burgundy,Metropolitan department,97.00
FR-59,FRA,Nord,,Metropolitan department,98.00
FR-60,FRA,Oise,,Metropolitan department,56.00
FR-61,FRA,Orne,Baja Normand¡a|Lower Normandy,Metropolitan department,51.00
FR-62,FRA,Pas-de-Calais,,Metropolitan department,96.00
FR-63,FRA,Puy-de-Dôme,,Metropolitan department,86.00
FR-64,FRA,Pyrénées-Atlantiques,,Metropolitan department,81.00
FR-65,FRA,Hautes-Pyrénées,,Metropolitan department,65.00
FR-66,FRA,Pyrénées-Orientales,Languedoc-Rosellon,Metropolitan department,82.00
FR-67,FRA,Bas-Rhin,Alsacia,Metropolitan department,99.00
FR-68,FRA,Haute-Rhin,Alsacia,Metropolitan department,60.00
FR-69,FRA,Rhône,Rhone-Alpes,Metropolitan department,55.00
FR-70,FRA,Haute-Saône,Franco-Condado,Metropolitan department,80.00
FR-71,FRA,Saône-et-Loire,Borgoña|Burgundy,Metropolitan department,88.00
FR-72,FRA,Sarthe,,Metropolitan department,94.00
FR-73,FRA,Savoie,Rhone-Alpes,Metropolitan department,70.00
FR-74,FRA,Haute-Savoie,Rhone-Alpes,Metropolitan department,58.00
FR-75,FRA,Paris,Ville de Paris,Metropolitan department,43.00
FR-76,FRA,Seine-Maritime,Alta Normand¡a|Upper Normandy,Metropolitan department,90.00
FR-77,FRA,Seien-et-Marne,,Metropolitan department,54.00
FR-78,FRA,Yvelines,,Metropolitan department,43.00
FR-79,FRA,Deux-Sèvres,,Metropolitan department,46.00
FR-80,FRA,Somme,,Metropolitan department,96.00
FR-81,FRA,Tarn,,Metropolitan department,61.00
FR-82,FRA,Tarn-et-Garonne,,Metropolitan department,56.00
FR-83,FRA,Var,Provenza-Alpes-Costa de Azul,Metropolitan department,68.00
FR-84,FRA,Vaucluse,Provenza-Alpes-Costa de Azul,Metropolitan department,61.00
FR-85,FRA,Vendée,,Metropolitan department,67.00
FR-86,FRA,Vienne,,Metropolitan department,59.00
FR-87,FRA,Haute-Vienne,Lemosin,Metropolitan department,67.00
FR-88,FRA,Vosges,Lorena,Metropolitan department,46.00
FR-89,FRA,Yonne,Borgoña|Burgundy,Metropolitan department,54.00
FR-90,FRA,Territoire de Belfort,Franco-Condado,Metropolitan department,65.00
FR-91,FRA,Essonne,,Metropolitan department,71.00
FR-92,FRA,Hauts-de-Seine,,Metropolitan department,82.00
FR-93,FRA,Seine-Saint-Denis,,Metropolitan department,68.00
FR-94,FRA,Val-de-Marne,,Metropolitan department,47.00
FR-95,FRA,Val-d'Oise,,Metropolitan department,56.00
FR-GF,FRA,Guyane française,,Overseas department,52.00
FR-GP,FRA,Guadeloupe,,Overseas department,98.00
FR-MQ,FRA,Martinique,,Overseas department,88.00
FR-RE,FRA,La Réunion,,Overseas department,67.00
FR-YT,FRA,Mayotte,,Overseas department,88.00
FO-X00~,FRO,Eysturoyar,Østerø|Eysturoy,Region,58.00
FM-KSA,FSM,Kosrae,,,66.00
FM-PNI,FSM,Pohnpei,,,68.00
FM-TRK,FSM,Chuuk,,,68.00
FM-YAP,FSM,Yap,,,53.00
GA-1,GAB,Estuaire,,Province,73.00
GA-2,GAB,Haut-Ogooué,,Province,72.00
GA-3,GAB,Moyen-Ogooué,,Province,99.00
GA-4,GAB,Ngounié,N'Gounié,Province,67.00
GA-5,GAB,Nyanga,,Province,66.00
GA-6,GAB,Ogooué-Ivindo,,Province,88.00
GA-7,GAB,Ogooué-Lolo,,Province,40.00
GA-8,GAB,Ogooué-Maritime,,Province,83.00
GA-9,GAB,Wouleu-Ntem,Woleu-Ntem,Province,47.00
GB-ABD,GBR,Aberdeenshire,,Unitary District,87.00
GB-ABE,GBR,Aberdeen,Aberdeen City,Unitary District (city),87.00
GB-AGB,GBR,Argyll and Bute,Earra-Ghaidheal agus Bòd,Unitary District,42.00
GB-AGY,GBR,Anglesey,,Unitary Authority (wales),88.00
GB-ANS,GBR,Angus,Forfar,Unitary District,43.00
GB-ANT,GBR,Antrim,,District,44.00
GB-ARD,GBR,Ards,,District,43.00
GB-ARM,GBR,Armagh,,District,99.00
GB-BAS,GBR,Bath and North East Somerset,,Unitary Authority,91.00
GB-BBD,GBR,Blackburn with Darwen,"Blackburn, Blackburn and Darwen",Unitary Authority,82.00
GB-BDF,GBR,Bedford,,Unitary Authority,55.00
GB-BDG,GBR,Barking and Dagenham,,London Borough,90.00
GB-BEN,GBR,Brent,,London Borough,80.00
GB-BEX,GBR,Bexley,,London Borough,58.00
GB-BFS,GBR,Belfast,,District,89.00
GB-BGE,GBR,Bridgend,,Unitary Authority (wales),79.00
GB-BGW,GBR,Blaenau Gwent,,Unitary Authority (wales),61.00
GB-BIR,GBR,Birmingham,,Metropolitan Borough,73.00
GB-BKM,GBR,Buckinghamshire,,Administrative County,41.00
GB-BLA,GBR,Ballymena,,District,89.00
GB-BLY,GBR,Ballymoney,,District,92.00
GB-BMH,GBR,Bournemouth,,Unitary Authority,63.00
GB-BNB,GBR,Banbridge,,District,94.00
GB-BNE,GBR,Barnet,,London Borough,80.00
GB-BNH,GBR,Brighton and Hove,,Unitary Authority,88.00
GB-BNS,GBR,Barnsley,,Metropolitan Borough,73.00
GB-BOL,GBR,Bolton,,Metropolitan Borough,61.00
GB-BPL,GBR,Blackpool,,Unitary Authority,85.00
GB-BRC,GBR,Bracknell Forest,,Unitary Authority,83.00
GB-BRD,GBR,Bradford,,Metropolitan Borough,86.00
GB-BRY,GBR,Bromley,,London Borough,67.00
GB-BST,GBR,Bristol,,Unitary Authority,88.00
GB-BUR,GBR,Bury,,Metropolitan Borough,61.00
GB-CAM,GBR,Cambridgeshire,,Administrative County,61.00
GB-CAY,GBR,Caerphilly,,Unitary Authority (wales),69.00
GB-CBF,GBR,Central Bedfordshire,,Unitary Authority,85.00
GB-CGN,GBR,Ceredigion,Cardiganshire,Principality,58.00
GB-CGV,GBR,Craigavon,,District,48.00
GB-CHE,GBR,Cheshire East,,Unitary Authority,46.00
GB-CHW,GBR,Cheshire West and Chester,,Unitary Authority,74.00
GB-CKF,GBR,Carrickfergus,,District,46.00
GB-CKT,GBR,Mid Ulster,Cookstown|Dungannon|Magherafelt,Province,62.00
GB-CLD,GBR,Calderdale,,Metropolitan Borough,55.00
GB-CLK,GBR,Clackmannanshire,,Unitary District,89.00
GB-CLR,GBR,Coleraine,,District,78.00
GB-CMA,GBR,Cumbria,,Administrative County,53.00
GB-CMD,GBR,Camden,,London Borough,44.00
GB-CMN,GBR,Carmarthenshire,,Unitary Authority (wales),69.00
GB-CON,GBR,Cornwall,Cornouailles|Cornovaglia|Cornualha|Cornualles|Cornwall and Isles of Scilly,Unitary Single-Tier County,82.00
GB-COV,GBR,Coventry,,Metropolitan Borough,53.00
GB-CRF,GBR,Cardiff,,Unitary Authority (wales),44.00
GB-CRY,GBR,Croydon,,London Borough,85.00
GB-CSR,GBR,Castlereagh,,District,64.00
GB-CWY,GBR,Conwy,Aberconwy and Colwyn,Unitary Authority (wales),78.00
GB-DAL,GBR,Darlington,,Unitary Authority,98.00
GB-DBY,GBR,Derbyshire,,Administrative County,69.00
GB-DEN,GBR,Denbighshire,,Unitary Authority (wales),77.00
GB-DER,GBR,Derby,,Unitary Authority,58.00
GB-DEV,GBR,Devon,,Administrative County,97.00
GB-DGN,GBR,Dungannon,,District,57.00
GB-DGY,GBR,Dumfries and Galloway,,Unitary District,59.00
GB-DNC,GBR,Doncaster,,Metropolitan Borough,40.00
GB-DND,GBR,Dundee,Dundee City,Unitary District (city),85.00
GB-DOR,GBR,Dorset,,Administrative County,74.00
GB-DOW,GBR,Down,,District,82.00
GB-DRY,GBR,Derry,Londonderry,London Borough (city),94.00
GB-DUD,GBR,Dudley,,Metropolitan Borough,84.00
GB-DUR,GBR,Durham,County Durham,Unitary Single-Tier County,50.00
GB-EAL,GBR,Ealing,,London Borough,92.00
GB-EAY,GBR,East Ayrshire,,Unitary District,44.00
GB-EDH,GBR,Edinburgh,Édimbourg|Edimburgo,Unitary District (city),73.00
GB-EDU,GBR,East Dunbartonshire,,Unitary District,45.00
GB-ELN,GBR,East Lothian,Haddington,Unitary District,47.00
GB-ELS,GBR,Eilean Siar,Western Isles,Island Area,69.00
GB-ENF,GBR,Enfield,,London Borough,89.00
GB-ERW,GBR,East Renfrewshire,,Unitary District,49.00
GB-ERY,GBR,East Riding of Yorkshire,"East Riding, East Yorkshire",Unitary Authority,68.00
GB-ESS,GBR,Essex,,Administrative County,52.00
GB-ESX,GBR,East Sussex,,Administrative County,79.00
GB-FAL,GBR,Falkirk,,Unitary District,62.00
GB-FER,GBR,Fermanagh,,District,73.00
GB-FIF,GBR,Fife,,Unitary District,49.00
GB-FLN,GBR,Flintshire,,Unitary Authority (wales),59.00
GB-GAT,GBR,Gateshead,,Metropolitan Borough,86.00
GB-GLG,GBR,Glasgow,Glasgow City,Unitary District (city),45.00
GB-GLS,GBR,Gloucestershire,,Administrative County,64.00
GB-GRE,GBR,Greenwich,,London Borough (royal),83.00
GB-GWN,GBR,Gwynedd,Caernarfonshire and Merionethshire,Unitary Authority (wales),64.00
GB-HAL,GBR,Halton,,Unitary Authority,74.00
GB-HAM,GBR,Hampshire,Southampton,Administrative County,65.00
GB-HAV,GBR,Havering,,London Borough,79.00
GB-HCK,GBR,Hackney,,London Borough,44.00
GB-HEF,GBR,Herefordshire,,Unitary Authority,65.00
GB-HIL,GBR,Hillingdon,,London Borough,97.00
GB-HLD,GBR,Highland,,Unitary District,62.00
GB-HMF,GBR,Hammersmith and Fulham,,London Borough,73.00
GB-HNS,GBR,Hounslow,,London Borough,84.00
GB-HPL,GBR,Hartlepool,,Unitary Authority,65.00
GB-HRT,GBR,Hertfordshire,,Administrative County,43.00
GB-HRW,GBR,Harrow,,London Borough,45.00
GB-HRY,GBR,Haringey,,London Borough,85.00
GB-IOS,GBR,Isles of Scilly,,Unitary Single-Tier County,84.00
GB-IOW,GBR,Isle of Wight,,Unitary Authority,43.00
GB-ISL,GBR,Islington,,London Borough,74.00
GB-IVC,GBR,Inverclyde,,Unitary District,66.00
GB-KEC,GBR,Kensington and Chelsea,,London Borough (royal),47.00
GB-KEN,GBR,Kent,,Administrative County,69.00
GB-KHL,GBR,Kingston upon Hull,Hull,Unitary Authority,47.00
GB-KIR,GBR,Kirklees,,Metropolitan Borough,52.00
GB-KTT,GBR,Kingston upon Thames,,London Borough (royal),72.00
GB-KWL,GBR,Knowsley,,Metropolitan Borough,67.00
GB-LAN,GBR,Lancashire,,Administrative County,96.00
GB-LBH,GBR,Lambeth,,London Borough,47.00
GB-LCE,GBR,Leicester,,Unitary Authority,94.00
GB-LDS,GBR,Leeds,,Metropolitan Borough,64.00
GB-LEC,GBR,Leicestershire,,Kingdom,45.00
GB-LEW,GBR,Lewisham,,London Borough,86.00
GB-LIN,GBR,Lincolnshire,,Administrative County,63.00
GB-LIV,GBR,Liverpool,,Metropolitan Borough,60.00
GB-LMV,GBR,Limavady,,District,57.00
GB-LND,GBR,City,The City|City of London|Square Mile,City Corporation,73.00
GB-LRN,GBR,Larne,,District,75.00
GB-LSB,GBR,Lisburn,,District,89.00
GB-LUT,GBR,Luton,,Unitary Authority,47.00
GB-MAN,GBR,Manchester,,Metropolitan Borough,43.00
GB-MDB,GBR,Middlesbrough,,Unitary Authority,78.00
GB-MDW,GBR,Medway,Medway Towns,Unitary Authority,99.00
GB-MFT,GBR,Magherafelt,,District,60.00
GB-MIK,GBR,Milton Keynes,,Unitary Authority,95.00
GB-MLN,GBR,Midlothian,Edinburgh,Unitary District,40.00
GB-MON,GBR,Monmouthshire,,Unitary Authority (wales),46.00
GB-MRT,GBR,Merton,,London Borough,76.00
GB-MRY,GBR,Moray,Elgin,Unitary District,75.00
GB-MTY,GBR,Merthyr Tydfil,,Unitary Authority (wales),71.00
GB-MYL,GBR,Moyle,,District,55.00
GB-NAY,GBR,North Ayshire,,Unitary District,52.00
GB-NBL,GBR,Northumberland,,Unitary Single-Tier County,65.00
GB-NDN,GBR,North Down,,District,85.00
GB-NEL,GBR,North East Lincolnshire,,Unitary Authority,71.00
GB-NET,GBR,Newcastle upon Tyne,,Metropolitan Borough,98.00
GB-NFK,GBR,Norfolk,,Administrative County,46.00
GB-NGM,GBR,Nottingham,,Unitary Authority,99.00
GB-NLK,GBR,North Lanarkshire,,Unitary District,84.00
GB-NLN,GBR,North Lincolnshire,,Unitary Authority,54.00
GB-NSM,GBR,North Somerset,North West Somerset,Unitary Authority,94.00
GB-NTA,GBR,Newtownabbey,,District,56.00
GB-NTH,GBR,Northamptonshire,,Administrative County,61.00
GB-NTL,GBR,Neath Port Talbot,Neath and Port Talbot,Unitary Authority (wales),48.00
GB-NTT,GBR,Nottinghamshire,,Administrative County,96.00
GB-NTY,GBR,North Tyneside,,Metropolitan Borough,49.00
GB-NWM,GBR,Newham,,London Borough,80.00
GB-NWP,GBR,Newport,,Unitary Authority (wales),68.00
GB-NYK,GBR,North Yorkshire,,Administrative County,51.00
GB-NYM,GBR,Newry and Mourne,Mourne,District,68.00
GB-OLD,GBR,Oldham,,Metropolitan Borough,67.00
GB-OMH,GBR,Omagh,,District,96.00
GB-ORK,GBR,Orkney,Elgin,Unitary District,57.00
GB-OXF,GBR,Oxfordshire,,Administrative County,66.00
GB-PEM,GBR,Pembrokeshire,,Unitary Authority (wales),48.00
GB-PKN,GBR,Perthshire and Kinross,Perth and Kinross,Unitary District,98.00
GB-PLY,GBR,Plymouth,,Unitary Authority,96.00
GB-POL,GBR,Poole,,Unitary Authority,72.00
GB-POR,GBR,Portsmouth,,Unitary Authority,73.00
GB-POW,GBR,Powys,,Unitary Authority (wales),89.00
GB-PTE,GBR,Peterborough,,Unitary Authority,71.00
GB-RCC,GBR,Redcar and Cleveland,,Unitary Authority,69.00
GB-RCH,GBR,Rochdale,,Metropolitan Borough,47.00
GB-RCT,GBR,"Rhondda, Cynon, Taff",,Unitary Authority (wales),98.00
GB-RDB,GBR,Redbridge,,London Borough,81.00
GB-RDG,GBR,Reading,,Unitary Authority,83.00
GB-RFW,GBR,Renfrewshire,,Unitary District,60.00
GB-RIC,GBR,Richmond upon Thames,,London Borough,60.00
GB-ROT,GBR,Rotherham,,Metropolitan Borough,75.00
GB-RUT,GBR,Rutland,,Unitary Authority,82.00
GB-SAW,GBR,Sandwell,,Metropolitan Borough,86.00
GB-SAY,GBR,South Ayrshire,,Unitary District,82.00
GB-SCB,GBR,Scottish Borders,The Borders,Unitary District,92.00
GB-SFK,GBR,Suffolk,,Administrative County,96.00
GB-SFT,GBR,Sefton,,Metropolitan Borough,40.00
GB-SGC,GBR,South Gloucestershire,,Unitary Authority,44.00
GB-SHF,GBR,Sheffield,,Metropolitan Borough,82.00
GB-SHN,GBR,Merseyside,,Metropolitan Borough,87.00
GB-SHR,GBR,Shropshire,Salop,Unitary Single-Tier County,68.00
GB-SKP,GBR,Stockport,,Metropolitan Borough,45.00
GB-SLF,GBR,Salford,,Metropolitan Borough,73.00
GB-SLG,GBR,Slough,,Unitary Authority,90.00
GB-SLK,GBR,South Lanarkshire,,Unitary District,70.00
GB-SND,GBR,Sunderland,,Metropolitan Borough,97.00
GB-SOL,GBR,Solihull,,Metropolitan Borough,79.00
GB-SOM,GBR,Somerset,,Administrative County,76.00
GB-SOS,GBR,Southend-on-Sea,Southend,Unitary Authority,90.00
GB-SRY,GBR,Surrey,,Administrative County,50.00
GB-STB,GBR,Strabane,,District,76.00
GB-STE,GBR,Stoke-on-Trent,,Unitary Authority,57.00
GB-STG,GBR,Stirling,,Unitary District,48.00
GB-STH,GBR,Southampton,,Unitary Authority,78.00
GB-STN,GBR,Sutton,,London Borough,98.00
GB-STS,GBR,Staffordshire,,Administrative County,68.00
GB-STT,GBR,Stockton-on-Tees,Stockton,Unitary Authority,93.00
GB-STY,GBR,South Tyneside,,Metropolitan Borough,74.00
GB-SWA,GBR,Swansea,,Unitary Authority (wales),56.00
GB-SWD,GBR,Swindon,Thamesdown,Unitary Authority,92.00
GB-SWK,GBR,Southwark,,London Borough,44.00
GB-TAM,GBR,Tameside,,Metropolitan Borough,84.00
GB-TFW,GBR,Telford and Wrekin,"The Wrekin, Wrekin",Unitary Authority,83.00
GB-THR,GBR,Thurrock,,Unitary Authority,45.00
GB-TOB,GBR,Torbay,,Unitary Authority,81.00
GB-TOF,GBR,Torfaen,,Unitary Authority (wales),85.00
GB-TRF,GBR,Trafford,,Metropolitan Borough,57.00
GB-TWH,GBR,Tower Hamlets,,London Borough,42.00
GB-VGL,GBR,Vale of Glamorgan,,Unitary Authority (wales),50.00
GB-WAR,GBR,Warwickshire,,Administrative County,60.00
GB-WBK,GBR,West Berkshire,,Unitary Authority,61.00
GB-WDU,GBR,West Dunbartonshire,Dumbarton and Clydebank,Unitary District,79.00
GB-WFT,GBR,Waltham Forest,,London Borough,85.00
GB-WGN,GBR,Wigan,,Metropolitan Borough,41.00
GB-WIL,GBR,Wiltshire,,Unitary Single-Tier County,68.00
GB-WKF,GBR,Wakefield,,Metropolitan Borough,64.00
GB-WLL,GBR,Walsall,,Metropolitan Borough,57.00
GB-WLN,GBR,West Lothian,Linlithgow,Unitary District,51.00
GB-WLV,GBR,Wolverhampton,,Metropolitan Borough,75.00
GB-WND,GBR,Wandsworth,,London Borough,61.00
GB-WNM,GBR,Royal Borough of Windsor and Maidenhead,,Unitary Authority,46.00
GB-WOK,GBR,Wokingham,,Unitary Authority,83.00
GB-WOR,GBR,Worcestershire,,Administrative County,56.00
GB-WRL,GBR,Halton,,Metropolitan Borough,58.00
GB-WRT,GBR,Warrington,,Unitary Authority,53.00
GB-WRX,GBR,Wrexham,,Unitary Authority (wales),85.00
GB-WSM,GBR,Westminster,,London Borough (city),44.00
GB-WSX,GBR,West Sussex,,Administrative County,71.00
GB-YOR,GBR,York,,Unitary Authority,46.00
GB-ZET,GBR,Shetland Islands,Aberdeen City,Unitary District (city),67.00
GE-AB,GEO,Abkhazia,Sokhumi,Autonomous Republic,95.00
GE-AJ,GEO,Ajaria,Batumi,Autonomous Republic,76.00
GE-GU,GEO,Guria,Ozurgeti,Region,87.00
GE-IM,GEO,Imereti,Kutaisi,Region,78.00
GE-KA,GEO,Kakheti,Telavi,Region,91.00
GE-KK,GEO,Kvemo Kartli,Rustavi,Region,72.00
GE-MM,GEO,Mtskheta-Mtianeti,Mtskheta,Region,60.00
GE-RL,GEO,Racha-Lechkhumi-Kvemo Svaneti,Ambrolauri,Region,88.00
GE-SJ,GEO,Samtskhe-Javakheti,Akhaltsikhe,Region,57.00
GE-SK,GEO,Shida Kartli,Gori,Region,89.00
GE-SZ,GEO,Samegrelo-Zemo Svaneti,Zugdidi,Region,73.00
GE-TB,GEO,Tbilisi,,Independent City,71.00
GG-X01~,GGY,Sark,,,59.00
GH-AA,GHA,Greater Accra,,Region,74.00
GH-AH,GHA,Ashanti,,Region,85.00
GH-BA,GHA,Brong Ahafo,,Region,96.00
GH-CP,GHA,Central,,Region,59.00
GH-EP,GHA,Eastern,,Region,41.00
GH-NP,GHA,Northern,,Region,75.00
GH-TV,GHA,Volta,,Region,45.00
GH-UE,GHA,Upper East,,Region,65.00
GH-UW,GHA,Upper West,,Region,67.00
GH-WP,GHA,Western,,Region,88.00
GI-X01~,GIB,Gibraltar,,,71.00
GN-BE,GIN,Beyla,,Prefecture,99.00
GN-BF,GIN,Boffa,,Prefecture,85.00
GN-BK,GIN,Boke,,Prefecture,75.00
GN-C,GIN,Conakry,,Administrative Zone,74.00
GN-CO,GIN,Coyah,,Prefecture,50.00
GN-DB,GIN,Dabola,,Prefecture,83.00
GN-DI,GIN,Dinguiraye,,Prefecture,62.00
GN-DL,GIN,Dalaba,,Prefecture,43.00
GN-DU,GIN,Dubréka,,Prefecture,44.00
GN-FA,GIN,Faranah,,Prefecture,74.00
GN-FO,GIN,Forécariah,,Prefecture,69.00
GN-FR,GIN,Fria,,Prefecture,87.00
GN-GA,GIN,Gaoual,,Prefecture,72.00
GN-GU,GIN,Guéckédou,,Prefecture,92.00
GN-K,GIN,Kankan,,Prefecture,95.00
GN-KB,GIN,Koubia,,Prefecture,89.00
GN-KD,GIN,Kindia,,Prefecture,95.00
GN-KE,GIN,Kérouané,,Prefecture,59.00
GN-KN,GIN,Koundara,,Prefecture,78.00
GN-KO,GIN,Kouroussa,,Prefecture,70.00
GN-KS,GIN,Kissidougou,,Prefecture,73.00
GN-LA,GIN,Labé,,Prefecture,47.00
GN-LE,GIN,Lélouma,,Prefecture,49.00
GN-LO,GIN,Lola,,Prefecture,75.00
GN-MC,GIN,Macenta,,Prefecture,61.00
GN-MD,GIN,Mandiana,,Prefecture,56.00
GN-ML,GIN,Mali,,Prefecture,49.00
GN-MM,GIN,Mamou,,Prefecture,52.00
GN-NZ,GIN,Nzérékoré,,Prefecture,72.00
GN-PI,GIN,Pita,,Prefecture,88.00
GN-SI,GIN,Siguiri,,Prefecture,71.00
GN-TE,GIN,Télimélé,,Prefecture,89.00
GN-TO,GIN,Tougué,,Prefecture,43.00
GN-YO,GIN,Yomou,,Prefecture,59.00
GM-B,GMB,Banjul,,Independent City,76.00
GM-L,GMB,Lower River,South Bank,Division,53.00
GM-M,GMB,Central River,,Division,90.00
GM-N,GMB,North Bank,,Division,65.00
GM-U,GMB,Upper River,,Division,80.00
GM-W,GMB,West Coast,,Division,62.00
GW-BA,GNB,Bafatá,,Region,68.00
GW-BL,GNB,Bolama,,Region,70.00
GW-BM,GNB,Biombo,,Region,80.00
GW-BS,GNB,Bissau,,Autonomous Sector,67.00
GW-CA,GNB,Cacheu,,Region,98.00
GW-GA,GNB,Gabú,,Region,75.00
GW-OI,GNB,Oio,,Region,50.00
GW-QU,GNB,Quinara,,Region,98.00
GW-TO,GNB,Tombali,,Region,93.00
GQ-AN,GNQ,Annobón,,Province,92.00
GQ-BN,GNQ,Bioko Norte,,Province,42.00
GQ-BS,GNQ,Bioko Sur,,Province,85.00
GQ-CS,GNQ,Centro Sur,,Province,45.00
GQ-KN,GNQ,Kié-Ntem,,Province,61.00
GQ-LI,GNQ,Litoral,,Province,52.00
GQ-WN,GNQ,Wele-Nzás,,Province,83.00
GR-69,GRC,Ayion Oros,Mount Athos|Holy Mountain,Autonomous Monastic State,92.00
GR-A,GRC,Anatoliki Makedonia kai Thraki,Macedonia East and Thrace,Region,51.00
GR-A1,GRC,Attiki,Attica,Region,74.00
GR-B,GRC,Kentriki Makedonia,Macedonia Central,Region,99.00
GR-C,GRC,Dytiki Makedonia,Macedonia West,Region,46.00
GR-D,GRC,Ipeiros,Epirus,Region,64.00
GR-E,GRC,Thessalia,Thessaly,Region,78.00
GR-F,GRC,Ionioi Nisoi,Ionian Islands,Region,83.00
GR-G,GRC,Dytiki Ellada,Greece West,Region,86.00
GR-H,GRC,Stereá Elláda,Greece Central,Region,73.00
GR-J,GRC,Peloponnisos,Peloponnese,Region,99.00
GR-K,GRC,Voreio Aigaio,Aegean North,Region,46.00
GR-L,GRC,Notio Aigaio,Aegean South,Region,88.00
GR-M,GRC,Kriti,Crete,Region,48.00
GD-01,GRD,Saint Andrew,,Parish,72.00
GD-02,GRD,Saint David,,Parish,90.00
GD-03,GRD,Saint George,,Parish,62.00
GD-04,GRD,Saint John,,Parish,46.00
GD-05,GRD,Saint Mark,,Parish,58.00
GD-06,GRD,Saint Patrick,,Parish,60.00
GD-10,GRD,Carriacou and Petite Martinique,Southern Grenadine Islands,Dependency,53.00
GL-KU,GRL,Kommune Kujalleq,Kujalleq,Lansdele,68.00
GL-QA,GRL,Qaasuitsup Kommunia,Qaasuitsup,Lansdele,95.00
GL-QE,GRL,Qeqqata Kommunia,Qeqqata,Lansdele,77.00
GL-SM,GRL,Kommuneqarfik Sermersooq,Sermersooq,Lansdele,50.00
GL-UO,GRL,Nationalparken,National Park,Lansdele,59.00
GL-UO,GRL,Pituffik,Thule Air Base,Lansdele,59.00
GT-AV,GTM,Alta Verapaz,,Department,92.00
GT-BV,GTM,Baja Verapaz,,Department,53.00
GT-CM,GTM,Chimaltenango,,Department,65.00
GT-CQ,GTM,Chiquimula,,Department,81.00
GT-ES,GTM,Escuintla,,Department,74.00
GT-GU,GTM,Guatemala,,Department,42.00
GT-HU,GTM,Huehuetenango,,Department,96.00
GT-IZ,GTM,Izabal,,Department,54.00
GT-JA,GTM,Jalapa,,Department,99.00
GT-JU,GTM,Jutiapa,,Department,65.00
GT-PE,GTM,Petén,,Department,93.00
GT-PR,GTM,El Progreso,Guastatoya,Department,70.00
GT-QC,GTM,Quiché,,Department,93.00
GT-QZ,GTM,Quezaltenango,,Department,47.00
GT-RE,GTM,Retalhuleu,,Department,47.00
GT-SA,GTM,Sacatepéquez,,Department,47.00
GT-SM,GTM,San Marcos,,Department,55.00
GT-SO,GTM,Sololá,,Department,73.00
GT-SR,GTM,Santa Rosa,,Department,81.00
GT-SU,GTM,Suchitepéquez,,Department,43.00
GT-TO,GTM,Totonicapán,,Department,89.00
GT-ZA,GTM,Zacapa,,Department,44.00
GU-X01~,GUM,Guam,,,92.00
GY-BA,GUY,Barima-Waini,,Region,88.00
GY-CU,GUY,Cuyuni-Mazaruni,,Region,61.00
GY-DE,GUY,Demerara-Mahaica,Essequibo Islands-West Demerara,Region,65.00
GY-EB,GUY,East Berbice-Corentyne,,Region,79.00
GY-ES,GUY,Essequibo Islands-West Demerara,Mahaica-Berbice,Region,89.00
GY-MA,GUY,Mahaica-Berbice,,Region,78.00
GY-PM,GUY,Pomeroon-Supenaam,,Region,51.00
GY-PT,GUY,Potaro-Siparuni,,Region,91.00
GY-UD,GUY,Upper Demerara-Berbice,Upper Demerara-Berbice,Region,98.00
GY-UT,GUY,Upper Takutu-Upper Essequibo,Upper Takutu-Upper Essequibo,Region,57.00
HK-X01~,HKG,Central and Western,,,63.00
HK-X02~,HKG,Wan Chai,,,73.00
HK-X03~,HKG,Eastern,,,83.00
HK-X04~,HKG,Southern,,,58.00
HK-X05~,HKG,Yau Tsim Mong,,,98.00
HK-X06~,HKG,Kowloon City,,,89.00
HK-X07~,HKG,Sham Shui Po,,,42.00
HK-X08~,HKG,Wong Tai Sin,,,94.00
HK-X09~,HKG,Kwun Tong,,,77.00
HK-X10~,HKG,Sai Kung,,,95.00
HK-X11~,HKG,Sha Tin,,,77.00
HK-X12~,HKG,Kwai Tsing,,,58.00
HK-X13~,HKG,Tsuen Wan,,,47.00
HK-X14~,HKG,Tuen Mun,,,99.00
HK-X15~,HKG,Yuen Long,,,61.00
HK-X16~,HKG,North,,,63.00
HK-X17~,HKG,Tai Po,,,98.00
HK-X18~,HKG,Islands,,,61.00
HM-X01~,HMD,Heard Island and McDonald Islands,,,74.00
HN-AT,HND,Atlántida,,Department,60.00
HN-CH,HND,Choluteca,,Department,83.00
HN-CL,HND,Colón,,Department,53.00
HN-CM,HND,Comayagua,,Department,63.00
HN-CP,HND,Copán,,Department,80.00
HN-CR,HND,Cortés,Cortez,Department,87.00
HN-EP,HND,El Paraíso,Paraiso,Department,92.00
HN-FM,HND,Francisco Morazán,Tegucigalpa,Department,85.00
HN-GD,HND,Gracias a Dios,,Department,84.00
HN-IB,HND,Islas de la Bahía,Islas de Bahia,Department,72.00
HN-IN,HND,Intibucá,,Department,81.00
HN-LE,HND,Lempira,Gracias,Department,58.00
HN-LP,HND,La Paz,,Department,76.00
HN-OC,HND,Ocotepeque,,Department,51.00
HN-OL,HND,Olancho,,Department,87.00
HN-SB,HND,Santa Bárbara,,Department,84.00
HN-VA,HND,Valle,,Department,60.00
HN-YO,HND,Yoro,,Department,76.00
HR-01,HRV,Zagrebacka,Zagreb,County,89.00
HR-02,HRV,Krapinsko-Zagorska,Krapina-Zagorje,County,99.00
HR-03,HRV,Sisacko-Moslavacka,Sisak-Moslavina,County,45.00
HR-04,HRV,Karlovacka,Karlovac,County,81.00
HR-05,HRV,Varaždinska,Varaždin|Varasd,County,85.00
HR-06,HRV,Koprivničko-Križevačka,Koprivnica-Križevci,County,70.00
HR-07,HRV,Bjelovarsko-bilogorska,Bjelovar-Bilogora,County,93.00
HR-08,HRV,Primorsko-Goranska,Primorje-Gorski Kotar,County,41.00
HR-09,HRV,Licko-Senjska,Lika-Senj,County,75.00
HR-10,HRV,Viroviticko-Podravska,Virovitica-Podravina,County,99.00
HR-12,HRV,Brodsko-Posavska,Slavonski Brod-Posavina,County,96.00
HR-12,HRV,Brodsko-Posavska,Slavonski Brod-Posavina,County,96.00
HR-13,HRV,Zadarska,Zadar-Knin,County,78.00
HR-14,HRV,Osjecko-Baranjska,Osijek-Baranja,County,57.00
HR-15,HRV,Šibensko-Kninska,Šibenik,County,97.00
HR-16,HRV,Vukovarsko-Srijemska,Vukovar-Srijem,County,63.00
HR-17,HRV,Splitsko-Dalmatinska,Split-Dalmacia,County,57.00
HR-18,HRV,Istarska,Istra,County,88.00
HR-19,HRV,Dubrovacko-Neretvanska,Dubrovnik-Neretva,County,52.00
HR-20,HRV,Medimurska,Medimurje,County,94.00
HR-21,HRV,Grad Zagreb,,City,73.00
HT-AR,HTI,L'Artibonite,Artibonite,Department,61.00
HT-CE,HTI,Centre,Plateau Central,Department,82.00
HT-GA,HTI,Grand'Anse,Grande-Asne|Grande Anse,Department,46.00
HT-ND,HTI,Nord,,Department,92.00
HT-NE,HTI,Nord-Est,,Department,73.00
HT-NI,HTI,Nippes,,Department,62.00
HT-NO,HTI,Nord-Ouest,,Department,91.00
HT-OU,HTI,Ouest,,Department,86.00
HT-SD,HTI,Sud,,Department,68.00
HT-SE,HTI,Sud-Est,,Department,71.00
HU-BA,HUN,Baranya,,County,98.00
HU-BC,HUN,Békéscsaba,,Urban county,44.00
HU-BE,HUN,Békés,,County,65.00
HU-BK,HUN,Bács-Kiskun,Bacs-Bodrog-Kiskun,County,70.00
HU-BU,HUN,Budapest,Budapeste,Capital City,50.00
HU-BZ,HUN,Borsod-Abaúj-Zemplén,,County,44.00
HU-CS,HUN,Csongrád,,County,49.00
HU-DE,HUN,Debrecen,,Urban county,64.00
HU-DU,HUN,Dunaújváros,,Urban county,66.00
HU-ED,HUN,Érd,,Urban county,43.00
HU-EG,HUN,Eger,,Urban county,42.00
HU-FE,HUN,Fejér,,County,57.00
HU-GS,HUN,Gyor-Moson-Sopron,Gyor-Sopron,County,57.00
HU-GY,HUN,Gyôr,,Urban county,81.00
HU-HB,HUN,Hajdú-Bihar,,County,58.00
HU-HE,HUN,Heves,,County,70.00
HU-HV,HUN,Hódmezôvásárhely,,Urban county,63.00
HU-JN,HUN,Jász-Nagykun-Szolnok,,County,77.00
HU-KE,HUN,Komárom-Esztergom,Komarom,County,57.00
HU-KM,HUN,Kecskemét,,Urban county,64.00
HU-KV,HUN,Kaposvár,,Urban county,90.00
HU-MI,HUN,Miskolc,,Urban county,79.00
HU-NK,HUN,Nagykanizsa,,Urban county,94.00
HU-NO,HUN,Nógrád,,County,68.00
HU-NY,HUN,Nyíregyháza,,Urban county,55.00
HU-PE,HUN,Pest,,County,75.00
HU-PS,HUN,Pécs,,Urban county,79.00
HU-SD,HUN,Szeged,,Urban county,46.00
HU-SF,HUN,Székesfehérvár,,Urban county,60.00
HU-SH,HUN,Szombathely,,Urban county,87.00
HU-SK,HUN,Szolnok,,Urban county,48.00
HU-SN,HUN,Sopron,,Urban county,40.00
HU-SO,HUN,Somogy,,County,64.00
HU-SS,HUN,Szekszárd,,Urban county,69.00
HU-ST,HUN,Salgótarján,,Urban county,85.00
HU-SZ,HUN,Szabolcs-Szatmár-Bereg,Szabolcs-Szatmár,County,71.00
HU-TB,HUN,Tatabánya,,Urban county,89.00
HU-TO,HUN,Tolna,,County,45.00
HU-VA,HUN,Vas,,County,59.00
HU-VE,HUN,Veszprém,,County,54.00
HU-VM,HUN,Veszprém,,Urban county,55.00
HU-ZA,HUN,Zala,,County,68.00
HU-ZE,HUN,Zalaegerszeg,,Urban county,83.00
ID-AC,IDN,Aceh,Achin|Atjeh|Nanggroe Aceh Darussalam,Autonomous Province,51.00
ID-BA,IDN,Bali,Penida|Lembongan|Ceningan|Menjangan,Province,75.00
ID-BB,IDN,Bangka-Belitung,Babel|Kepulauan Bangka Belitung,Province,86.00
ID-BE,IDN,Bengkulu,Bencoolen|Benkoelen|Benkulen,Province,69.00
ID-BT,IDN,Banten,,Province,75.00
ID-GO,IDN,Gorontalo,,Province,80.00
ID-JA,IDN,Jambi,Djambi,Province,53.00
ID-JB,IDN,Jawa Barat,Jabar,Province,60.00
ID-JI,IDN,Jawa Timur,Jatim,Province,51.00
ID-JK,IDN,Jakarta Raya,Jawa|Djakarta,Special district,68.00
ID-JT,IDN,Jawa Tengah,Jateng,Province,54.00
ID-KB,IDN,Kalimantan Barat,Kalbar,Province,82.00
ID-KI,IDN,Kalimantan Timur,Kaltim,Province,64.00
ID-KR,IDN,Kepulauan Riau,Rhio|Riou|Riouw,Province,85.00
ID-KS,IDN,Kalimantan Selatan,Kalsel,Province,40.00
ID-KT,IDN,Kalimantan Tengah,Kalteng,Province,95.00
ID-LA,IDN,Lampung,,Province,76.00
ID-MA,IDN,Maluku,Molucas||Moluccas|Molucche|Moluckerna|Moluqu,Province,87.00
ID-MU,IDN,Maluku Utara,Malut,Province,88.00
ID-NB,IDN,Nusa Tenggara Barat,NTB,Province,77.00
ID-NT,IDN,Nusa Tenggara Timur,NTT,Province,55.00
ID-PA,IDN,Papua,New Guinea|Yos Sudarso or Frederick Hendrik|Waigeo|Supiori Biak|Yapen|Misool|Salawati|Batanta,Province,49.00
ID-PB,IDN,Papua Barat,West Papua|Irian Jaya Barat|New Guinea|Yos Sudarso or Frederick Hendrik|Waigeo|Supiori Biak|Yapen|Misool|Salawati|Batanta,Province,56.00
ID-RI,IDN,Riau,Rhio|Riou|Riouw,Province,53.00
ID-SA,IDN,Sulawesi Utara,Sulut,Province,86.00
ID-SB,IDN,Sumatera Barat,Sumbar,Province,80.00
ID-SG,IDN,Sulawesi Tenggara,Sultra,Province,49.00
ID-SN,IDN,Sulawesi Selatan,Sulsel,Province,89.00
ID-SR,IDN,Sulawesi Barat,Sulsel,Province,55.00
ID-SS,IDN,Sumatera Selatan,Sumsel,Province,51.00
ID-ST,IDN,Sulawesi Tengah,Sulteng,Province,99.00
ID-SU,IDN,Sumatera Utara,Sumut,Province,61.00
ID-YO,IDN,Yogyakarta,Jawa|Daerah Istimewa Yogyakarta,Special region,94.00
IM-X01~,IMN,Isle of Man,,,62.00
IN-AN,IND,Andaman and Nicobar,Andaman & Nicobar Islands|Andaman et Nicobar|Iihas de Andama e Nicobar|Inseln Andamanen und Nikobare,Union Territory,79.00
IN-AP,IND,Andhra Pradesh,,State,72.00
IN-AR,IND,Arunachal Pradesh,Agence de la Frontisre du Nord-Est(French-obsolete)|North East Frontier Agency,State,43.00
IN-AS,IND,Assam,,State,59.00
IN-BR,IND,Bihar,,State,84.00
IN-CH,IND,Chandigarh,,Union Territory,46.00
IN-CT,IND,Chhattisgarh,,State,89.00
IN-DH,IND,Dadra and Nagar Haveli and Daman and Diu,DAdra et Nagar Haveli|Dadra e Nagar Haveli|Dadra and Nagar Haveli,Union Territory,70.00
IN-DL,IND,Delhi,,Union Territory,56.00
IN-GA,IND,Goa,Gôa,State,53.00
IN-GJ,IND,Gujarat,,,87.00
IN-HP,IND,Himachal Pradesh,,Union Territory,65.00
IN-HR,IND,Haryana,,State,41.00
IN-JH,IND,Jharkhand,Vananchal,State,83.00
IN-JK,IND,Jammu and Kashmir,,Union Territory,86.00
IN-KA,IND,Karnataka,Maisur|Mysore,State,87.00
IN-KL,IND,Kerala,,State,87.00
IN-LA,IND,Ladakh,,Union Territory,67.00
IN-LD,IND,Lakshadweep,Íles Laquedives|Laccadive|Minicoy and Amindivi Islands|Laccadives|Lackadiverna|Lakkadiven|Lakkadi,Union Territory,51.00
IN-MH,IND,Maharashtra,,State,58.00
IN-ML,IND,Meghalaya,,State,59.00
IN-MN,IND,Manipur,,State,42.00
IN-MP,IND,Madhya Pradesh,,State,90.00
IN-MZ,IND,Mizoram,,State,43.00
IN-NL,IND,Nagaland,,State,92.00
IN-OR,IND,Odisha,Orissa,State,47.00
IN-PB,IND,Punjab,,State,54.00
IN-PY,IND,Puducherry,Pondicherry|Puduchcheri|Pondichéry,Union Territory,44.00
IN-RJ,IND,Rajasthan,Greater Rajasthan|Rajputana,State,47.00
IN-SK,IND,Sikkim,,State,93.00
IN-TG,IND,Telangana,,State,71.00
IN-TN,IND,Tamil Nadu,,State,97.00
IN-TR,IND,Tripura,,State,80.00
IN-UP,IND,Uttar Pradesh,United Provinces,State,86.00
IN-UT,IND,Uttarakhand,Uttaranchal,State,73.00
IN-WB,IND,West Bengal,Bangla|Bengala Occidentale|Bengala Ocidental|Bengale occidental,State,91.00
-99-X14~,IOA,Christmas Island,,,95.00
-99-X15~,IOA,Cocos (Keeling) Islands,,Province,46.00
IO-X01~,IOT,British Indian Ocean Territory,,,86.00
IE-CE,IRL,Clare,An Clár,County,77.00
IE-CN,IRL,Cavan,An Cabhán,County,62.00
IE-CO,IRL,Cork,Corcaigh,County,46.00
IE-CO,IRL,Cork,Corcaigh city,City,46.00
IE-CW,IRL,Carlow,Ceatharlach,County,85.00
IE-D,IRL,Dublin,Baile Átha Cliath,County,41.00
IE-D,IRL,Dún Laoghaire–Rathdown,Baile Átha Cliath,County,41.00
IE-D,IRL,Fingal,Baile Átha Cliath,County,41.00
IE-D,IRL,South Dublin,Baile Átha Cliath,County,41.00
IE-DL,IRL,Donegal,Dún na nGall|Tyrconnel,County,97.00
IE-G,IRL,Galway,Gaillimh,County,72.00
IE-G,IRL,Galway,Gaillimh city,City,72.00
IE-KE,IRL,Kildare,Cill Dara,County,66.00
IE-KK,IRL,Kilkenny,Cill Chainnigh,County,60.00
IE-KY,IRL,Kerry,Ciarraí,County,80.00
IE-LD,IRL,Longford,An Longfort,County,94.00
IE-LH,IRL,Louth,Lú,County,74.00
IE-LK,IRL,Limerick,Luimneach,County,63.00
IE-LK,IRL,Limerick,Luimneach city,City,63.00
IE-LM,IRL,Leitrim,Liatroim,County,87.00
IE-LS,IRL,Laoighis,Laois|Leix|Queens,County,49.00
IE-MH,IRL,Meath,An Mhí,County,83.00
IE-MN,IRL,Monaghan,,Administrative County,70.00
IE-MO,IRL,Mayo,Maigh Eo,County,60.00
IE-OY,IRL,Offaly,Uíbh Fhailí|Kings,County,83.00
IE-RN,IRL,Roscommon,Ros Comáin,County,42.00
IE-SO,IRL,Sligo,Sligeach,County,51.00
IE-TA,IRL,North Tipperary,Tiobraid Árann,County,70.00
IE-TA,IRL,South Tipperary,Tiobraid Árann,County,70.00
IE-WD,IRL,Waterford,Port Láirge,County,87.00
IE-WD,IRL,Waterford,Port Láirge city,City,87.00
IE-WH,IRL,Westmeath,An Iarmhí,County,61.00
IE-WW,IRL,Wicklow,Cill Mhantáin,County,76.00
IE-WX,IRL,Wexford,Loch Garman,County,74.00
IR-01,IRN,East Azarbaijan,Azarbayjan-e Khavari|Azarbaijan-e Sharghi|Azarbaijan-Sharqi|East Azarbayejan|Azerba‹djan e Sharqi,Province,72.00
IR-02,IRN,West Azarbaijan,Azarbayjan-e Bakhtari|Azarbaijan-e Gharbi|West Azarbayejan|Azerba‹djan e Gharbi,Province,85.00
IR-03,IRN,Ardebil,Ardabil,Province,74.00
IR-04,IRN,Esfahan,Isfahan|Ispahan,Province,52.00
IR-05,IRN,Ilam,Ilam and Poshtkuh,Province,47.00
IR-06,IRN,Bushehr,Banader va Jazayer-e Khalij-e Fars|Bushire|Persian Gulf|Ports and Islands of the Persian Gulf,Province,98.00
IR-07,IRN,Tehran,Teheran|T‚h‚ran,Province,44.00
IR-07,IRN,Alborz,,Province,44.00
IR-08,IRN,Chahar Mahall and Bakhtiari,Bakhtiari|Chaharmahal va Bakhtiyari|Charmahal-Bakhtiyari,Province,93.00
IR-10,IRN,Khuzestan,Khuzistan|Kouzistan,Province,51.00
IR-11,IRN,Zanjan,,Province,53.00
IR-12,IRN,Semnan,,Province,56.00
IR-13,IRN,Sistan and Baluchestan,Baluchestan va Sistan|Seistan and Baluchistan|Sistan e Baloutchistan,Province,94.00
IR-14,IRN,Fars,,Province,49.00
IR-15,IRN,Kerman,,Province,79.00
IR-16,IRN,Kordestan,Kurdistan,Province,89.00
IR-17,IRN,Kermanshah,Bakhtaran|Kermanshahan,Province,61.00
IR-18,IRN,Kohgiluyeh and Buyer Ahmad,Bovir Ahmadi and Kohkiluyeh|Boyer-Ahmad and Koh-Giluye|Boyer Ahmad e Kohkiluyeh|Boyer Ahmadi-ye Sardir va Kohkiluyeh|Kohgil,Province,51.00
IR-19,IRN,Gilan,,Province,74.00
IR-20,IRN,Lorestan,,Province,61.00
IR-21,IRN,Mazandaran,,Province,66.00
IR-22,IRN,Markazi,,Province,82.00
IR-23,IRN,Hormozgan,Banader va Jazayer-e Bahr-e Oman|Ports and Islands of the Sea of Oman|Saheli,Province,92.00
IR-24,IRN,Hamadan,Hamedan,Province,75.00
IR-25,IRN,Yazd,,Province,47.00
IR-26,IRN,Qom,,Province,69.00
IR-27,IRN,Golestan,,Province,54.00
IR-28,IRN,Qazvin,,Province,79.00
IR-29,IRN,South Khorasan,Khorasan-e Janubi,Province,60.00
IR-30,IRN,Razavi Khorasan,Khorasan-e Razavi,Province,69.00
IR-31,IRN,North Khorasan,Khorasan-e Shemali,Province,46.00
IQ-AN,IRQ,Al-Anbar,Dulaim|Ramadi,Province,57.00
IQ-AR,IRQ,Arbil,Arbela|Erbil|Irbil,Province,68.00
IQ-BA,IRQ,Al-Basrah,Basra|Bassora,Province,98.00
IQ-BB,IRQ,Babil,Babylon|Hilla,Province,64.00
IQ-BG,IRQ,Baghdad,Bagd |Bagdad,Province,68.00
IQ-DA,IRQ,Dihok,Dahuk|D'hok,Province,59.00
IQ-DI,IRQ,Diyala,,Province,51.00
IQ-DQ,IRQ,Dhi-Qar,Dhi Qar|Muntafiq|Nasiriyah|Thi-Qar,Province,51.00
IQ-KA,IRQ,Karbala',Kerbela,Province,90.00
IQ-MA,IRQ,Maysan,`Amara,Province,67.00
IQ-MU,IRQ,Al-Muthannia,Al-Muthanna,Province,83.00
IQ-NA,IRQ,An-Najaf,,Province,73.00
IQ-NI,IRQ,Ninawa,Al-Mawsil|Mosul|Ninive|N¡nive|Nineveh|Niniveh,Province,71.00
IQ-QA,IRQ,Al-Qādisiyyah,Diwaniyah,Province,66.00
IQ-SD,IRQ,Sala ad-Din,Salah ad-Din|Salaheddin,Province,84.00
IQ-SU,IRQ,As-Sulaymaniyah,,Province,44.00
IQ-TS,IRQ,At-Ta'mim,Kirkuk|Tamin,Province,58.00
IQ-WA,IRQ,Wasit,Kut|Kut-al-Imara,Province,49.00
IS-0,ISL,Reykjavík,,Region,72.00
IS-1,ISL,Höfuðborgarsvæði,Capital Region,Region,75.00
IS-2,ISL,Suðurnes,Southern Peninsula,Independent Town,90.00
IS-3,ISL,Vesturland,West,Region,60.00
IS-4,ISL,Vestfirðir,Westfjords,Region,74.00
IS-5,ISL,Norðurland vestra,Northwest,Region,91.00
IS-6,ISL,Norðurland eystra,Northeast,Region,69.00
IS-7,ISL,Austurland,East,Region,71.00
IS-8,ISL,Suðurland,South,Region,67.00
IL-D,ISR,HaDarom,Southern District,District,61.00
IL-HA,ISR,Haifa,Hefa,District,49.00
IL-JM,ISR,Jerusalem,Al-Quds|Yerushalayim,District,62.00
IL-M,ISR,HaMerkaz,Central District,District,96.00
IL-TA,ISR,Tel Aviv,,District,67.00
IL-Z,ISR,HaZafon,Northern,District,54.00
IT-AG,ITA,Agrigento,Sicilia,Province,66.00
IT-AL,ITA,Alessandria,Piemont|Piémont|Piemonte|Piedmont,Province,74.00
IT-AN,ITA,Ancona,Marches|Marca,Province,48.00
IT-AO,ITA,Aoste,Aosta|Aosta Valley|Val d'Aoste|Vallée d'Aoste,Province,69.00
IT-AP,ITA,Ascoli Piceno,Marches|Marca,Province,57.00
IT-AQ,ITA,L'Aquila,Abruzos|Abruzzen|Abruzzes|Abruzzi,Province,85.00
IT-AR,ITA,Arezzo,Tuscany|Toscane|Toskana,Province,79.00
IT-AT,ITA,Asti,Piemont|Piémont|Piemonte|Piedmont,Province,75.00
IT-AV,ITA,Avellino,Campanha|Campanie|Kampanien,Province,79.00
IT-BA,ITA,Bari,Apulien|Pouilles|Pouille|Puglia|Puglie,Province,65.00
IT-BG,ITA,Bergamo,Lombardy|Lombardei|Lombardie,Province,87.00
IT-BI,ITA,Biella,Piemont|Piémont|Piemonte|Piedmont,Province,48.00
IT-BL,ITA,Belluno,Venecia|Venetia|Venezia Euganea,Province,87.00
IT-BN,ITA,Benevento,Campanha|Campanie|Kampanien,Province,89.00
IT-BO,ITA,Bologna,Emilia Romagna|Emilia|Emilia-Romaña|Émilie-Romagne,Province,91.00
IT-BR,ITA,Brindisi,Apulien|Pouilles|Pouille|Puglia|Puglie,Province,41.00
IT-BS,ITA,Brescia,Lombardy|Lombardei|Lombardie,Province,81.00
IT-BT,ITA,Barletta-Andria Trani,Apulien|Pouilles|Pouille|Puglia|Puglie,Province,64.00
IT-BZ,ITA,Bozen,Bolzano|Trentino - Alto Adige|Trentino-Alto Adigio|Trentino-South Tirol|Venezia Tridentina,Province,51.00
IT-CA,ITA,Cagliari,Cerdeña|Sardenha,Province,93.00
IT-CB,ITA,Campobasso,Molisa,Province,58.00
IT-CE,ITA,Caserta,Campanha|Campanie|Kampanien,Province,94.00
IT-CH,ITA,Chieti,Abruzos|Abruzzen|Abruzzes|Abruzzi,Province,92.00
IT-CI,ITA,Carbonia-Iglesias,Cerdeña|Sardenha,Province,95.00
IT-CL,ITA,Caltanissetta,Sicilia,Province,47.00
IT-CN,ITA,Cuneo,Piemont|Piémont|Piemonte|Piedmont,Province,54.00
IT-CO,ITA,Como,Lombardy|Lombardei|Lombardie,Province,55.00
IT-CR,ITA,Cremona,Lombardy|Lombardei|Lombardie,Province,98.00
IT-CS,ITA,Cosenza,Calabre|Calabrie|Kalabrien,Province,99.00
IT-CT,ITA,Catania,Sicilia,Province,94.00
IT-CZ,ITA,Catanzaro,Calabre|Calabrie|Kalabrien,Province,71.00
IT-EN,ITA,Enna,Sicilia,Province,57.00
IT-FC,ITA,Forlì-Cesena,Emilia Romagna|Emilia|Emilia-Romaña|Émilie-Romagne,Province,76.00
IT-FE,ITA,Ferrara,Emilia Romagna|Emilia|Emilia-Romaña|Émilie-Romagne,Province,74.00
IT-FG,ITA,Foggia,Apulien|Pouilles|Pouille|Puglia|Puglie,Province,42.00
IT-FI,ITA,Firenze,Florence|Tuscany|Toscane|Toskana,Province,53.00
IT-FM,ITA,Fermo,Marches|Marca,Province,89.00
IT-FR,ITA,Frosinone,Lacio|Latium,Province,86.00
IT-GE,ITA,Genova,Lacio|Latium,Province,49.00
IT-GO,ITA,Gorizia,Friuli Venezia Giulia|Friuli-Venecia Julia,Province,98.00
IT-GR,ITA,Grosseto,Tuscany|Toscane|Toskana,Province,70.00
IT-IM,ITA,Imperia,Lacio|Latium,Province,52.00
IT-IS,ITA,Isernia,Molisa,Province,56.00
IT-KR,ITA,Crotene,Calabre|Calabrie|Kalabrien,Province,40.00
IT-LC,ITA,Lecco,Lombardy|Lombardei|Lombardie,Province,91.00
IT-LE,ITA,Lecce,Apulien|Pouilles|Pouille|Puglia|Puglie,Province,49.00
IT-LI,ITA,Livorno,Tuscany|Toscane|Toskana,Province,96.00
IT-LO,ITA,Lodi,Lombardy|Lombardei|Lombardie,Province,74.00
IT-LT,ITA,Latina,Lacio|Latium,Province,53.00
IT-LU,ITA,Lucca,Tuscany|Toscane|Toskana,Province,51.00
IT-MB,ITA,Monza e Brianza,Lombardy|Lombardei|Lombardie,Province,67.00
IT-MC,ITA,Macerata,Marches|Marca,Province,82.00
IT-ME,ITA,Messina,Sicilia,Province,72.00
IT-MI,ITA,Milano,Lombardy|Lombardei|Lombardie,Province,65.00
IT-MN,ITA,Mantova,Mantua|Lombardy|Lombardei|Lombardie,Province,50.00
IT-MO,ITA,Modena,Emilia Romagna|Emilia|Emilia-Romaña|Émilie-Romagne,Province,51.00
IT-MS,ITA,Massa-Carrara,Tuscany|Toscane|Toskana,Province,66.00
IT-MT,ITA,Matera,Basilicate|Lucania,Province,65.00
IT-NA,ITA,Napoli,Campanha|Campanie|Kampanien,Province,86.00
IT-NO,ITA,Novara,Piemont|Piémont|Piemonte|Piedmont,Province,90.00
IT-NU,ITA,Nuoro,Cerdeña|Sardenha,Province,73.00
IT-OG,ITA,Ogliastra,Cerdeña|Sardenha,Province,82.00
IT-OR,ITA,Oristrano,Cerdeña|Sardenha,Province,42.00
IT-OT,ITA,Olbia-Tempio,Cerdeña|Sardenha,Province,95.00
IT-PA,ITA,Palermo,Sicilia,Province,81.00
IT-PC,ITA,Piacenza,Emilia Romagna|Emilia|Emilia-Romaña|Émilie-Romagne,Province,69.00
IT-PD,ITA,Padova,Padua|Venecia|Venetia|Venezia Euganea,Province,93.00
IT-PE,ITA,Pescara,Abruzos|Abruzzen|Abruzzes|Abruzzi,Province,48.00
IT-PG,ITA,Perugia,Ombrie|Umbrien,Province,81.00
IT-PI,ITA,Pisa,Tuscany|Toscane|Toskana,Province,92.00
IT-PN,ITA,Pordenone,Friuli Venezia Giulia|Friuli-Venecia Julia,Province,62.00
IT-PO,ITA,Prato,Tuscany|Toscane|Toskana,Province,86.00
IT-PR,ITA,Parma,Emilia Romagna|Emilia|Emilia-Romaña|Émilie-Romagne,Province,53.00
IT-PT,ITA,Pistoia,Tuscany|Toscane|Toskana,Province,49.00
IT-PU,ITA,Pesaro e Urbino,Marches|Marca,Province,78.00
IT-PV,ITA,Pavia,Lombardy|Lombardei|Lombardie,Province,62.00
IT-PZ,ITA,Potenza,Basilicate|Lucania,Province,57.00
IT-RA,ITA,Ravenna,Emilia Romagna|Emilia|Emilia-Romaña|Émilie-Romagne,Province,92.00
IT-RC,ITA,Reggio Calabria,Calabre|Calabrie|Kalabrien,Province,73.00
IT-RE,ITA,Reggio Emilia,Emilia Romagna|Emilia|Emilia-Romaña|Émilie-Romagne,Province,78.00
IT-RG,ITA,Ragusa,Sicilia,Province,76.00
IT-RI,ITA,Rieti,Lacio|Latium,Province,40.00
IT-RM,ITA,Roma,Lacio|Latium,Province,95.00
IT-RN,ITA,Rimini,Emilia Romagna|Emilia|Emilia-Romaña|Émilie-Romagne,Province,84.00
IT-RO,ITA,Rovigo,Venecia|Venetia|Venezia Euganea,Province,99.00
IT-SA,ITA,Salerno,Campanha|Campanie|Kampanien,Province,72.00
IT-SI,ITA,Siena,Tuscany|Toscane|Toskana,Province,80.00
IT-SO,ITA,Sondrio,Lombardy|Lombardei|Lombardie,Province,46.00
IT-SP,ITA,La Spezia,Lacio|Latium,Province,83.00
IT-SR,ITA,Siracusa,Sicilia,Province,51.00
IT-SS,ITA,Sassari,Cerdeña|Sardenha,Province,40.00
IT-SV,ITA,Savona,Lacio|Latium,Province,88.00
IT-TA,ITA,Taranto,Apulien|Pouilles|Pouille|Puglia|Puglie,Province,84.00
IT-TE,ITA,Teramo,Abruzos|Abruzzen|Abruzzes|Abruzzi,Province,41.00
IT-TN,ITA,Trento,Trentino - Alto Adige|Trentino-Alto Adigio|Trentino-South Tirol|Venezia Tridentina,Province,73.00
IT-TO,ITA,Turin,Torino|Piemont|Piémont|Piemonte|Piedmont,Province,81.00
IT-TP,ITA,Trapani,Sicilia,Province,85.00
IT-TR,ITA,Terni,Ombrie|Umbrien,Province,89.00
IT-TS,ITA,Trieste,Friuli Venezia Giulia|Friuli-Venecia Julia,Province,62.00
IT-TV,ITA,Treviso,Venecia|Venetia|Venezia Euganea,Province,76.00
IT-UD,ITA,Udine,Friuli Venezia Giulia|Friuli-Venecia Julia,Province,85.00
IT-VA,ITA,Varese,Lombardy|Lombardei|Lombardie,Province,95.00
IT-VB,ITA,Verbano-Cusio-Ossola,Piemont|Piémont|Piemonte|Piedmont,Province,84.00
IT-VC,ITA,Vercelli,Piemont|Piémont|Piemonte|Piedmont,Province,59.00
IT-VE,ITA,Venezia,Venice|Venecia|Venetia|Venezia Euganea,Province,42.00
IT-VI,ITA,Vicenza,Venecia|Venetia|Venezia Euganea,Province,59.00
IT-VR,ITA,Verona,Venecia|Venetia|Venezia Euganea,Province,74.00
IT-VS,ITA,Medio Campidano,Cerdeña|Sardenha,Province,80.00
IT-VT,ITA,Viterbo,Lacio|Latium,Province,61.00
IT-VV,ITA,Vibo Valentia,Calabre|Calabrie|Kalabrien,Province,92.00
JM-01,JAM,Kingston,Kingston and Port Royal,Parish,46.00
JM-02,JAM,Saint Andrew,,Parish,60.00
JM-03,JAM,Saint Thomas,,Parish,92.00
JM-04,JAM,Portland,,Parish,67.00
JM-05,JAM,Saint Mary,,Parish,98.00
JM-06,JAM,Saint Ann,,Parish,66.00
JM-07,JAM,Trelawny,,Parish,60.00
JM-08,JAM,Saint James,,Parish,75.00
JM-09,JAM,Hanover,,Parish,81.00
JM-10,JAM,Westmoreland,,Parish,79.00
JM-11,JAM,Saint Elizabeth,,Parish,81.00
JM-12,JAM,Manchester,,Parish,43.00
JM-13,JAM,Clarendon,,Parish,76.00
JM-14,JAM,Saint Catherine,,Parish,55.00
JE-X01~,JEY,Jersey,,,57.00
JO-AJ,JOR,Ajlun,Ajloan|`Ajlun,Province,47.00
JO-AM,JOR,Amman,Ama,Province,71.00
JO-AQ,JOR,Aqaba,Al `Aqabah,Province,79.00
JO-AT,JOR,Tafilah,At Tafilah|Tafela|Tafileh,Province,85.00
JO-AZ,JOR,Zarqa,Az Zarqa',Province,87.00
JO-BA,JOR,Balqa,Al Balqa'|Balka|Belga,Province,59.00
JO-IR,JOR,Irbid,,Province,65.00
JO-JA,JOR,Jarash,,Province,88.00
JO-KA,JOR,Karak,Al Karak|Kerak,Province,46.00
JO-MA,JOR,Mafraq,,Province,49.00
JO-MD,JOR,Madaba,,Province,81.00
JO-MN,JOR,Ma`an,,Province,51.00
JP-01,JPN,Hokkaidō,Ezo|Yeso|Yezo,Circuit,57.00
JP-02,JPN,Aomori,,Prefecture,99.00
JP-03,JPN,Iwate,,Prefecture,79.00
JP-04,JPN,Miyagi,,Prefecture,91.00
JP-05,JPN,Akita,,Prefecture,80.00
JP-06,JPN,Yamagata,,Prefecture,59.00
JP-07,JPN,Fukushima,Hukusima,Prefecture,81.00
JP-08,JPN,Ibaraki,,Prefecture,97.00
JP-09,JPN,Tochigi,Totigi,Prefecture,70.00
JP-10,JPN,Gunma,,Prefecture,74.00
JP-11,JPN,Saitama,,Prefecture,88.00
JP-12,JPN,Chiba,Tiba|Tsiba,Prefecture,60.00
JP-13,JPN,Tokyo,Edo|Yedo|Tokio|T¢quio,Metropolis,71.00
JP-14,JPN,Kanagawa,,Prefecture,53.00
JP-15,JPN,Niigata,,Prefecture,61.00
JP-16,JPN,Toyama,,Prefecture,43.00
JP-17,JPN,Ishikawa,Isikawa,Prefecture,94.00
JP-18,JPN,Fukui,Hukui,Prefecture,73.00
JP-19,JPN,Yamanashi,Yamanasi,Prefecture,89.00
JP-20,JPN,Nagano,,Prefecture,44.00
JP-21,JPN,Gifu,Gihu,Prefecture,87.00
JP-22,JPN,Shizuoka,Sizuoka,Prefecture,60.00
JP-23,JPN,Aichi,Aiti,Prefecture,44.00
JP-24,JPN,Mie,Miye,Prefecture,68.00
JP-25,JPN,Shiga,Siga,Prefecture,92.00
JP-26,JPN,Kyōto,Kioto,Urban Prefecture,79.00
JP-27,JPN,Ōsaka,,Urban Prefecture,40.00
JP-28,JPN,Hyōgo,Hiogo,Prefecture,71.00
JP-29,JPN,Nara,,Prefecture,71.00
JP-30,JPN,Wakayama,,Prefecture,88.00
JP-31,JPN,Tottori,,Prefecture,60.00
JP-32,JPN,Shimane,Simane,Prefecture,78.00
JP-33,JPN,Okayama,,Prefecture,54.00
JP-34,JPN,Hiroshima,Hirosima,Prefecture,70.00
JP-35,JPN,Yamaguchi,Yamaguti,Prefecture,55.00
JP-36,JPN,Tokushima,Tokusima,Prefecture,58.00
JP-37,JPN,Kagawa,,Prefecture,44.00
JP-38,JPN,Ehime,,Prefecture,45.00
JP-39,JPN,Kōchi,Koti,Prefecture,87.00
JP-40,JPN,Fukuoka,Hukuoka,Prefecture,61.00
JP-41,JPN,Saga,,Prefecture,72.00
JP-42,JPN,Nagasaki,,Prefecture,82.00
JP-43,JPN,Kumamoto,,Prefecture,67.00
JP-44,JPN,Ōita,,Prefecture,88.00
JP-45,JPN,Miyazaki,,Prefecture,62.00
JP-46,JPN,Kagoshima,,Prefecture,84.00
JP-47,JPN,Okinawa,,Prefecture,72.00
-99-X05~,KAB,Baykonur lease in Qyzylorda,,,45.00
-99-X06~,KAS,Kashmir,,,90.00
KZ-AKM,KAZ,Aqmola,Akmolin|Akmolinsk|Tselinograd,Region,94.00
KZ-AKT,KAZ,Aqtöbe,Aktyubinsk,Region,87.00
KZ-ALA,KAZ,Almaty,Alma-Ata|Alma-Atinskaya Oblast'|Almatinskaya Oblast',Region,48.00
KZ-ALA,KAZ,Almaty City,Alma-Ata,City,48.00
KZ-AST,KAZ,Astana,,City,74.00
KZ-ATY,KAZ,Atyrau,Ateransk|Gur'yev,Region,77.00
KZ-KAR,KAZ,Qaraghandy,Karaganda|Karagandinskaya Oblast',Region,92.00
KZ-KUS,KAZ,Qostanay,Kustanai|Kustanay,Region,56.00
KZ-KZY,KAZ,Qyzylorda,Kyzyl-Orda|Kzyl-Orda|Kzyl-Ordinskaya Oblast',Region,81.00
KZ-MAN,KAZ,Mangghystau,Mangistau|Mangyshlak,Region,76.00
KZ-PAV,KAZ,Pavlodar,,Region,72.00
KZ-SEV,KAZ,North Kazakhstan,Severo-Kazakhstan|Soltustik Qazaqstan,Region,55.00
KZ-VOS,KAZ,East Kazakhstan,Shyghys Qazaqstan|Vostochno-Kazakhstan,Region,76.00
KZ-YUZ,KAZ,South Kazakhstan,Chimkent,Region,75.00
KZ-ZAP,KAZ,West Kazakhstan,Ural'sk,Region,91.00
KZ-ZHA,KAZ,Zhambyl,Dzhambul,Region,86.00
KE-110,KEN,Nairobi,Federal Area|Nairobi District|Masai District,National Capital Area,94.00
KE-200,KEN,Central,,Province,68.00
KE-300,KEN,Coast,,Province,60.00
KE-400,KEN,Eastern,Federal Area|Nairobi District|Masai District,National Capital Area,79.00
KE-500,KEN,North-Eastern,,Province,72.00
KE-600,KEN,Nyanza,,Province,88.00
KE-700,KEN,Rift Valley,,Province,98.00
KE-800,KEN,Western,,Province,49.00
KG-B,KGZ,Batken,,Region,49.00
KG-C,KGZ,Chuy,,Region,79.00
KG-GB,KGZ,Bishkek,,Region,79.00
KG-J,KGZ,Jalal-Abad,"Djalal-Abad, Dzhalal-Abadskaya Oblast'|Žalal-Abad",Region,93.00
KG-N,KGZ,Naryn,"Tien-Shanskaya Oblast', Tyan'-Shan'",Region,41.00
KG-O,KGZ,Osh,,Region,40.00
KG-T,KGZ,Talas,,Region,48.00
KG-Y,KGZ,Ysyk-Köl,"Issyk-Kul, Issyk-Kul'skaya Oblast'",Region,59.00
KH-1,KHM,Bântéay Méanchey,Banteay Mean Cheay,Province,57.00
KH-10,KHM,Krâchéh,Kratie|Kratié|Kratiê|Krâ Chéh|Krachen,Province,99.00
KH-11,KHM,Môndól Kiri,Mondul Kiri|Mondolkiri|Môndul Kiri,Province,73.00
KH-12,KHM,Phnom Penh,Phnum Pénh,Municipality,85.00
KH-13,KHM,Preah Vihéar,,Province,72.00
KH-14,KHM,Prey Vêng,Prey Veaeng,Province,88.00
KH-15,KHM,Pouthisat,Pursat,Province,48.00
KH-16,KHM,Rôtânôkiri,Ratana Kiri|Râtanakiri|Rotanah Kiri|Rotanak Kiri,Province,74.00
KH-17,KHM,Siemréab,Siem Reap|Siem Reab|Siem Réab|Siemreap,Province,51.00
KH-18,KHM,Krong Preah Sihanouk,Sihanoukville|Kampong Som|Kampong Saom,Municipality,66.00
KH-19,KHM,Stœng Trêng,Stung Treng|Stueng Traeng|Stung Treng,Province,85.00
KH-2,KHM,Batdâmbâng,Battambang|Baat Dambang|Bat Dâm Bâng,Province,49.00
KH-20,KHM,Svay Rieng,Soairieng|Svaay Rieng,Province,98.00
KH-21,KHM,Takêv,Takeo|Taakaev|Takaev|Takeo,Province,65.00
KH-22,KHM,Otdar Mean Chey,Oddâr Méanchey,Province,40.00
KH-23,KHM,Kep,Keb,Province,67.00
KH-24,KHM,Krong Pailin,Pailin,Municipality,93.00
KH-3,KHM,Kâmpóng Cham,Kampong Chaam|Kompong Cham,Province,66.00
KH-4,KHM,Kâmpóng Chhnang,Kompong Chnang,Province,60.00
KH-5,KHM,Kâmpóng Spœ,Kampong Speu|Kompong Speu|Kompong Spueu,Province,87.00
KH-6,KHM,Kâmpóng Thum,Kampong Thom|Kompong Thom,Province,66.00
KH-7,KHM,Kâmpôt,,Province,71.00
KH-8,KHM,Kândal,Kandaal,Province,56.00
KH-9,KHM,Kaôh Kong,Koh Kong,Province,95.00
KI-X01~,KIR,Kiribati,,,61.00
KI-X02~,KIR,,,,51.00
KN-01,KNA,Christ Church Nichola Town,,Parish,83.00
KN-02,KNA,Saint Anne Sandy Point,,Parish,75.00
KN-03,KNA,Saint George Basseterre,,Parish,88.00
KN-04,KNA,Saint George Gingerland,,Parish,43.00
KN-05,KNA,Saint James Windward,,Parish,45.00
KN-06,KNA,Saint John Capesterre,,Parish,68.00
KN-07,KNA,Saint John Figtree,,Parish,56.00
KN-08,KNA,Saint Mary Cayon,,Parish,86.00
KN-09,KNA,Saint Paul Capesterre,,Parish,71.00
KN-10,KNA,Saint Paul Charlestown,,Parish,82.00
KN-11,KNA,Saint Peter Basseterre,,Parish,64.00
KN-12,KNA,Saint Thomas Lowland,,Parish,40.00
KN-13,KNA,Saint Thomas Middle Island,,Parish,41.00
KN-14,KNA,Trinity Palmetto Point,,Parish,41.00
KR-11,KOR,Seoul,Keijo|Séoul|Seul|Seúl|Söul|Soul-t'ukpyolsi,Capital Metropolitan City,97.00
KR-26,KOR,Busan,Pusan|Busan Gwang'yeogsi|Pusan-gwangyoksi|Fusan,Metropolitan City,72.00
KR-27,KOR,Daegu,Taegu|Daegu Gwang'yeogsi|Taegu-gwangyoksi|Taikyu,Metropolitan City,93.00
KR-28,KOR,Incheon,Inchon|IInch'on-gwangyoksi|Jinsen,Metropolitan City,89.00
KR-29,KOR,Gwangju,Kwangju|Kwangju-gwangyoksi,Metropolitan City,50.00
KR-30,KOR,Daejeon,Daejeon Gwang'yeogsi|Taejŏn-gwangyŏksi|Taiden,Metropolitan City,55.00
KR-31,KOR,Ulsan,Ulsan-gwangyoksi,Metropolitan City,76.00
KR-41,KOR,Gyeonggi,Kyonggi-do|Keiki-do|Kyunggi,Province,42.00
KR-42,KOR,Gangwon,Kang-Won-Do|Gang'weondo|Kangwon-do|Kogen-do|South Kangwon,Province,62.00
KR-43,KOR,North Chungcheong,Chungchongbuk-Do|Chungcheongbugdo|Ch'ungch'ong-bukto|Chusei Hoku-do|North Chungchong|Ch'ungch'ong-bukto,Province,95.00
KR-44,KOR,South Chungcheong,Chungchongnam-Do|Ch'ungch'ong-namdo|Chusei Nan-do|South Chungchong|Ch'ungch'ong-namdo,Province,57.00
KR-45,KOR,North Jeolla,Chollabuk-Do|Cholla-bukto|Jeonrabugdo|North Cholla|Zenra Hoku-do,Province,55.00
KR-46,KOR,South Jeolla,Kwangju|Kwangju-gwangyoksi,Metropolitan City,73.00
KR-47,KOR,North Gyeongsang,Taegu|Daegu Gwang'yeogsi|Taegu-gwangyoksi|Taikyu,Metropolitan City,58.00
KR-48,KOR,South Gyeongsang,Kyongsangnam-Do|Kyongsang-namdo|Keisho Nan-do|South Kyongsang,Province,87.00
KR-49,KOR,Jeju,Jeju-doQuelpart|Saishu-to|Cheju-do,Province,92.00
KR-50,KOR,Sejong,,Special self-governing city,65.00
XK-X01~,KOS,Đakovica,,District,57.00
XK-X02~,KOS,Dečani,,District,47.00
XK-X03~,KOS,Dragaš,,District,64.00
XK-X04~,KOS,Glogovac,,District,62.00
XK-X05~,KOS,Gnjilane,,District,89.00
XK-X06~,KOS,Istok,,District,99.00
XK-X07~,KOS,Kačanik,,District,79.00
XK-X08~,KOS,Klina,,District,65.00
XK-X09~,KOS,Kosovo Polje,,District,75.00
XK-X10~,KOS,Kosovska Kamenica,,District,63.00
XK-X11~,KOS,Kosovska Mitrovica,,District,85.00
XK-X12~,KOS,Leposavić,,District,50.00
XK-X13~,KOS,Lipljan,,District,61.00
XK-X14~,KOS,Mališevo,,District,70.00
XK-X15~,KOS,Novo Brdo,,District,47.00
XK-X16~,KOS,Obilić,,District,53.00
XK-X17~,KOS,Orahovac,,District,91.00
XK-X18~,KOS,Peć,,District,47.00
XK-X19~,KOS,Podujevo,,District,78.00
XK-X20~,KOS,Priština,,District,48.00
XK-X21~,KOS,Prizren,,District,96.00
XK-X22~,KOS,Srbica,,District,88.00
XK-X23~,KOS,Štimlje,,District,68.00
XK-X24~,KOS,Štrpce,,District,59.00
XK-X25~,KOS,Suva Reka,,District,62.00
XK-X26~,KOS,Uroševac,,District,69.00
XK-X27~,KOS,Vitina,,District,62.00
XK-X28~,KOS,Vučitrn,,District,49.00
XK-X29~,KOS,Zubin Potok,,District,74.00
XK-X30~,KOS,Zvečan,,District,97.00
KW-AH,KWT,Al Ahmadi,,Province,75.00
KW-FA,KWT,Al Farwaniyah,Farwaniya,Province,41.00
KW-HA,KWT,Hawalli,"Hawali, Howali",Province,93.00
KW-JA,KWT,Al Jahrah,Jahra,Province,69.00
KW-KU,KWT,Al Asimah,"Capital, Kuwait",Province,87.00
KW-MU,KWT,Mubarak Al-Kabeer,,Province,70.00
LA-AT,LAO,Attapu,Attopu|Atpu|Attapeu|Attopeu|Muang Mai,Province,86.00
LA-BK,LAO,Bokeo,,Province,68.00
LA-BL,LAO,Bolikhamxai,Bolikhamsai|Bolikhamxay|Borikhamzay|Borikane|Borikhan|Borikhane,Province,51.00
LA-CH,LAO,Champasak,Bassac|Champassack|Champassak|Champassac|Khong|Pakse,Province,57.00
LA-HO,LAO,Houaphan,Hua Phan|Huaphanh|Sam Neua|Xam Nua,Province,75.00
LA-KH,LAO,Khammouan,Khammouane|Khammuan,Province,87.00
LA-LM,LAO,Louang Namtha,Haut-Mekong|Luangnamtha|Muong Luang Namtha|Namtha|Hiuakhong|Houa Kh,Province,83.00
LA-LP,LAO,Louangphrabang,Loang Prabang|Louangphabang|Louang Prabang|Luang Phabang|Luangphrabang|Luang Prabang,Province,50.00
LA-OU,LAO,Oudômxai,Oudomsai|Oudomsay|Oudomxay|UdomXay,Province,71.00
LA-PH,LAO,Phôngsali,Fong Sali|Phongsaly,Province,48.00
LA-SL,LAO,Saravan,Salavan|Salavane|Saravane,Province,72.00
LA-SV,LAO,Savannakhét,Svannakhet,Province,66.00
LA-VI,LAO,Vientiane [prefecture],Vientiane|Kamphaeng Nakhon Viang Chan,Municipality|Prefecture,96.00
LA-VI,LAO,Vientiane,Viangchan,Province,96.00
LA-XA,LAO,Xaignabouri,Sayabouri|Sayaboury|Xaignabouli|Xayabouri|Xayabury,Province,60.00
LA-XE,LAO,Xékong,Sekong,Province,83.00
LA-XI,LAO,Xiangkhoang,Xiang Khouang|Xieng Khouang|Xiengkhuang|Xieng Khwang,Province,86.00
LB-AS,LBN,North Lebanon,Ash Shamal|Liban-Nord,Province,66.00
LB-BA,LBN,Beirut,Bayrut|Beirute|Beyrouth,Province,78.00
LB-BI,LBN,Beqaa,Bekaa|El Begaa|Béqaa|La Bekaa,Province,41.00
LB-JA,LBN,South Lebanon,Al Janub|Liban-Sud|Sayda,Province,65.00
LB-JL,LBN,Mount Lebanon,Jabal Lubnan|Mont-Liban,Province,54.00
LB-NA,LBN,An Nabatiyah,Nabatîyé,Province,81.00
LR-BG,LBR,Bong,,County,40.00
LR-BM,LBR,Bomi,,County,65.00
LR-CM,LBR,Grand Cape Mount,,County,75.00
LR-GB,LBR,Grand Bassa,,County,85.00
LR-GG,LBR,Grand Gedeh,Grand Gedeh,County,93.00
LR-GK,LBR,Grand Kru,Grand Kru,County,78.00
LR-LO,LBR,Lofa,,County,66.00
LR-MG,LBR,Margibi,,County,90.00
LR-MO,LBR,Montserrado,,County,90.00
LR-MY,LBR,Maryland,,County,74.00
LR-NI,LBR,Nimba,,County,69.00
LR-RI,LBR,River Cess,Rivercess,County,90.00
LR-SI,LBR,Sinoe,,County,94.00
LR-X1~,LBR,Gbapolu,Gbarpolu,County,54.00
LR-X2~,LBR,River Gee,,County,83.00
LY-AJ,LBY,Ajdabiya,Aghdabiya,Municipality|Governarate,56.00
LY-BA,LBY,Benghazi,Banghazi|Bengasi,Municipality|Governarate,65.00
LY-BU,LBY,Al Butnan,Tobruk|Tubruq,Municipality|Governarate,68.00
LY-GD,LBY,Ghadamis,Gadamis|Ghadames,Municipality|Governarate,90.00
LY-GT,LBY,Ghat,Gat,Municipality|Governarate,64.00
LY-JA,LBY,Al Jabal al Akhdar,Al Bayda'|al-Ghabal al-Ahdar|Beida|Djebel Akhdar|Jebel el Akhdar,Municipality|Governarate,41.00
LY-JI,LBY,Al Jifarah,Al Jfara|Al `Aziziyah|al-Ghifara|Al `Aziziyah,Municipality|Governarate,92.00
LY-JU,LBY,Al Jufrah,al-Ghufra,Municipality|Governarate,49.00
LY-KF,LBY,Al Kufrah,al-Kufra,Municipality|Governarate,60.00
LY-MB,LBY,Al Marqab,Al Murgub|Al Khums|Homs|Khoms,Municipality|Governarate,72.00
LY-MI,LBY,Misratah,"Misrata, Misurata",Municipality|Governarate,69.00
LY-MJ,LBY,Al Marj,al-Hizam al-Ahdar,Municipality|Governarate,64.00
LY-MQ,LBY,Murzuq,,Municipality|Governarate,63.00
LY-MZ,LBY,Mizdah,Mizda,Municipality|Governarate,51.00
LY-NQ,LBY,An Nuqat al Khams,an-Niqat al-Hams|Nigat al Khums,Municipality|Governarate,90.00
LY-QB,LBY,Al Qubbah,Al Qubah|al-Qubba,Municipality|Governarate,54.00
LY-SB,LBY,Sabha,"Sabhah, Sebha",Municipality|Governarate,91.00
LY-SR,LBY,Surt,Sirte,Municipality|Governarate,63.00
LY-TN,LBY,Tajura' wa an Nawahi al Arba,Taghura' wa-n-Nawahi al-Arba,Municipality|Governarate,80.00
LY-WD,LBY,Wadi al Hayaa,,Municipality|Governarate,65.00
LY-WS,LBY,Ash Shati',Wadi Al Shatii|Shati|Wadi ash-Shati',Municipality|Governarate,63.00
LY-ZA,LBY,Az Zawiyah,az-Zawiya|Zavia|Zawia,Municipality|Governarate,78.00
LC-01,LCA,Anse-la-Raye,,Quarter,70.00
LC-02,LCA,Castries,,Quarter,63.00
LC-03,LCA,Choiseul,,Quarter,67.00
LC-04,LCA,Dauphin,,Quarter,56.00
LC-05,LCA,Dennery,,Quarter,72.00
LC-06,LCA,Gros Islet,,Quarter,90.00
LC-07,LCA,Laborie,,Quarter,82.00
LC-08,LCA,Micoud,,Quarter,92.00
LC-09,LCA,Praslin,,Quarter,48.00
LC-10,LCA,Soufrière,,Quarter,62.00
LC-11,LCA,Vieux Fort,,Quarter,71.00
LI-01,LIE,Balzers,,,83.00
LI-02,LIE,Eschen,,,42.00
LI-03,LIE,Gamprin,,,67.00
LI-04,LIE,Mauren,,,43.00
LI-05,LIE,Planken,,,79.00
LI-06,LIE,Ruggell,,,52.00
LI-07,LIE,Schaan,,,97.00
LI-08,LIE,Schellenberg,,,59.00
LI-09,LIE,Triesen,,,73.00
LI-10,LIE,Triesenberg,,,73.00
LI-11,LIE,Vaduz,,,86.00
LK-11,LKA,Kŏḷamba,Colombo,District,60.00
LK-12,LKA,Gampaha,Gampaha,District,47.00
LK-13,LKA,Kaḷutara,Kalutara,District,93.00
LK-21,LKA,Mahanuvara,Maha Nuwara|Kandy|Kandi,District,60.00
LK-22,LKA,Mātale,Matale,District,51.00
LK-23,LKA,Nuvara Ĕliya,Nuvara Eliya|Nuwara Eliya|Nuvarĕliyā,District,67.00
LK-31,LKA,Gālla,Galle|Kāli,District,56.00
LK-32,LKA,Mātara,Matara,District,41.00
LK-33,LKA,Hambantŏṭa,Hambantota,District,53.00
LK-41,LKA,Yāpanaya,Jaffna,District,42.00
LK-42,LKA,Kilinŏchchi,Kilinochchi,District,59.00
LK-43,LKA,Mannārama,Mannar,District,86.00
LK-44,LKA,Vavuniyāva,Vavuniya,District,56.00
LK-45,LKA,Mulativ,Mulativu|Mullaitivu,District,77.00
LK-51,LKA,Maḍakalapuva,Batticaloa,District,51.00
LK-52,LKA,Ampāra,Amparai|Ampara,District,44.00
LK-53,LKA,Trikuṇāmalaya,Trincomalee,District,65.00
LK-61,LKA,Kuruṇægala,Kurunegala,District,47.00
LK-62,LKA,Puttalama,Puttalam,District,82.00
LK-71,LKA,Anurādhapura,Anuradhapura,District,75.00
LK-72,LKA,Pŏḷŏnnaruva,Polonnaruwa,District,63.00
LK-81,LKA,Badulla,Badulla,District,79.00
LK-82,LKA,Mŏṇarāgala,Monaragala|Moneragala,District,80.00
LK-91,LKA,Ratnapura,Ratnapura|Irattiṉapuri,District,74.00
LK-92,LKA,Kægalla,Kegalla|Kægalla|Kekālai,District,71.00
LS-A,LSO,Maseru,,District,54.00
LS-B,LSO,Butha-Buthe,Butha Buthe,District,70.00
LS-C,LSO,Leribe,,District,46.00
LS-D,LSO,Berea,Teyateyaneng,District,64.00
LS-E,LSO,Mafeteng,,District,85.00
LS-F,LSO,Mohale's Hoek,Mohales Hoek,District,91.00
LS-G,LSO,Quthing,,District,69.00
LS-H,LSO,Qacha's Nek,Quacha's Nek|Quachas Nek,District,57.00
LS-J,LSO,Mokhotlong,,District,84.00
LS-K,LSO,Thaba-Tseka,Thaba Tseka,District,87.00
LT-AL,LTU,Alytaus,Alytus|Olita|Alitus,County,74.00
LT-KL,LTU,Klaipedos,Klaipėda|Memel,County,52.00
LT-KU,LTU,Kauno,Kaunas|Kowno|Kovno,County,80.00
LT-MR,LTU,Marijampoles,Marijampolė|Mariampol,County,90.00
LT-PN,LTU,Panevezio,Panevėžys|Ponewiesch|Ponewjesh|Poneviezli,County,76.00
LT-SA,LTU,Šiauliai,Šiauliai|Schaulen|Shavli,County,67.00
LT-TA,LTU,Taurages,Tauragė|Tauroggen,County,72.00
LT-TE,LTU,Telšiai,Telšiai|Telsche|Telschi|Telshe,County,98.00
LT-UT,LTU,Utenos,Utena,County,96.00
LT-VL,LTU,Vilniaus,Vilnius|Wilna|Vilna|Vilnious,County,80.00
LU-D,LUX,Diekirch,Dikrech|Dikkrich,District,55.00
LU-G,LUX,Grevenmacher,Gréivemaacher,District,43.00
LU-L,LUX,Luxembourg,Lëtzebuerg|Luxemburg,District,78.00
LV-001,LVA,Aglonas,,Municipality,70.00
LV-002,LVA,Aizkraukles,,Municipality,58.00
LV-003,LVA,Aizputes,,Municipality,90.00
LV-004,LVA,Aknistes,,Municipality,78.00
LV-005,LVA,Alojas,,Municipality,98.00
LV-006,LVA,Alsungas,,Municipality,43.00
LV-007,LVA,Aluksne,,Municipality,62.00
LV-008,LVA,Amatas,Wolmar,Municipality,78.00
LV-009,LVA,Apes,Wolmar,Municipality,74.00
LV-010,LVA,Auces,,Municipality,67.00
LV-011,LVA,Ādaži,,Municipality,79.00
LV-012,LVA,Babites,,Municipality,54.00
LV-013,LVA,Baldones,,Municipality,66.00
LV-014,LVA,Baltinavas,,Municipality,40.00
LV-015,LVA,Balvu,,Municipality,63.00
LV-016,LVA,Bauska,,Municipality,97.00
LV-017,LVA,Beverinas,Wolmar,Municipality,61.00
LV-018,LVA,Brocenu,,Municipality,90.00
LV-019,LVA,Burtnieku,Wolmar,Municipality,86.00
LV-020,LVA,Carnikavas,,Municipality,71.00
LV-021,LVA,Cesvaines,Wolmar,Municipality,83.00
LV-022,LVA,Cesu,Wenden,Municipality,77.00
LV-023,LVA,Ciblas,,Municipality,63.00
LV-024,LVA,Dagdas,,Municipality,78.00
LV-026,LVA,Dobele,,Municipality,87.00
LV-027,LVA,Dundagas,,Municipality,99.00
LV-028,LVA,Durbes,,Municipality,71.00
LV-029,LVA,Engures,,Municipality,83.00
LV-030,LVA,Erglu,Wolmar,Municipality,77.00
LV-031,LVA,Garkalnes,,Municipality,45.00
LV-032,LVA,Grobinas,,Municipality,95.00
LV-033,LVA,Gulbene,,Municipality,48.00
LV-034,LVA,Iecavas,,Municipality,69.00
LV-035,LVA,Ikskiles,,Municipality,91.00
LV-036,LVA,Ilukstes,,Municipality,69.00
LV-037,LVA,Incukalna,,Municipality,95.00
LV-038,LVA,Jaunjelgavas,,Municipality,52.00
LV-039,LVA,Jaunpiebalgas,Wolmar,Municipality,66.00
LV-040,LVA,Jaunpils,,Municipality,45.00
LV-043,LVA,Kandavas,,Municipality,91.00
LV-044,LVA,Karsavas,,Municipality,71.00
LV-045,LVA,Kocenu,Wolmar,Municipality,85.00
LV-046,LVA,Kokneses,,Municipality,80.00
LV-047,LVA,Kraslavas,,Municipality,73.00
LV-048,LVA,Krimuldas,,Municipality,41.00
LV-049,LVA,Krustpils,,Municipality,52.00
LV-050,LVA,Kuldigas,,Municipality,84.00
LV-051,LVA,Keguma,,Municipality,61.00
LV-052,LVA,Kekavas,,Municipality,59.00
LV-053,LVA,Lielvardes,,Municipality,74.00
LV-054,LVA,Limbaži,Limbazi,Municipality,42.00
LV-055,LVA,Ligatnes,Wolmar,Municipality,90.00
LV-056,LVA,Livanu,,Municipality,74.00
LV-057,LVA,Lubanas,Wolmar,Municipality,52.00
LV-058,LVA,Ludzas,Ludsen,Municipality,65.00
LV-059,LVA,Madona,,Municipality,84.00
LV-060,LVA,Mazsalacas,Wolmar,Municipality,99.00
LV-061,LVA,Malpils,,Municipality,65.00
LV-062,LVA,Marupes,,Municipality,43.00
LV-063,LVA,Mersraga,,Municipality,63.00
LV-064,LVA,Nauksenu,Wolmar,Municipality,76.00
LV-065,LVA,Neretas,,Municipality,75.00
LV-066,LVA,Nicas,,Municipality,69.00
LV-067,LVA,Ogre,,Municipality,42.00
LV-068,LVA,Olaines,,Municipality,85.00
LV-069,LVA,Ozolnieku,,Municipality,98.00
LV-070,LVA,Pargaujas,Wolmar,Municipality,78.00
LV-071,LVA,Pavilostas,,Municipality,96.00
LV-072,LVA,Plavinu,,Municipality,66.00
LV-073,LVA,Preilu,,Municipality,74.00
LV-074,LVA,Priekules,,Municipality,41.00
LV-075,LVA,Priekulu,Wolmar,Municipality,42.00
LV-076,LVA,Raunas,Wolmar,Municipality,99.00
LV-078,LVA,Riebinu,,Municipality,42.00
LV-079,LVA,Rojas,,Municipality,72.00
LV-080,LVA,Ropazu,,Municipality,66.00
LV-081,LVA,Rucavas,,Municipality,44.00
LV-082,LVA,Rugaju,,Municipality,46.00
LV-083,LVA,Rundales,,Municipality,75.00
LV-084,LVA,Rujienas,Wolmar,Municipality,89.00
LV-085,LVA,Salacgrivas,,Municipality,43.00
LV-086,LVA,Salas,,Municipality,91.00
LV-087,LVA,Salaspils,,Municipality,68.00
LV-088,LVA,Saldus,,Municipality,67.00
LV-089,LVA,Saulkrastu,,Municipality,72.00
LV-090,LVA,Sejas,,Municipality,94.00
LV-091,LVA,Siguldas,,Municipality,92.00
LV-092,LVA,Skriveru,,Municipality,83.00
LV-093,LVA,Skrundas,,Municipality,95.00
LV-094,LVA,Smiltenes,Wolmar,Municipality,74.00
LV-095,LVA,Stopinu,,Municipality,81.00
LV-096,LVA,Strencu,Wolmar,Municipality,99.00
LV-097,LVA,Talsi,Talsen,Municipality,74.00
LV-098,LVA,Tervetes,,Municipality,81.00
LV-099,LVA,Tukums,Tukkum,Municipality,78.00
LV-100,LVA,Vainodes,,Municipality,78.00
LV-101,LVA,Valkas,Valgamaa|Valga maakond,Municipality,69.00
LV-102,LVA,Varaklanu,Wolmar,Municipality,78.00
LV-103,LVA,Varkavas,,Municipality,63.00
LV-104,LVA,Vecpiebalgas,Wolmar,Municipality,41.00
LV-105,LVA,Vecumnieku,,Municipality,61.00
LV-107,LVA,Viesites,,Municipality,50.00
LV-108,LVA,Vilakas,,Municipality,61.00
LV-109,LVA,Vilanu,,Municipality,49.00
LV-110,LVA,Zilupes,,Municipality,60.00
LV-DGV,LVA,Daugavpils,Dünaburg|Dvinsk,Municipality,74.00
LV-DGV,LVA,Daugavpils,,Republican City,74.00
LV-JEL,LVA,Jelgava,,Municipality,48.00
LV-JEL,LVA,Jelgava,,Republican City,48.00
LV-JKB,LVA,Jekabpils,,Municipality,42.00
LV-JKB,LVA,Jekabpils,Jakobstadt,Republican City,42.00
LV-JUR,LVA,Jurmala,,Republican City,88.00
LV-LPX,LVA,Liepāja,,Republican City,69.00
LV-REZ,LVA,Rezeknes,,Municipality,52.00
LV-REZ,LVA,Rezekne,,Republican City,52.00
LV-RIX,LVA,Riga,,Republican City,66.00
LV-VEN,LVA,Ventspils,Windau,Municipality,99.00
LV-VEN,LVA,Ventspils,,Republican City,99.00
LV-VMR,LVA,Valmiera,Wolmar,Republican City,68.00
MO-M,MAC,Macau,,,70.00
MF-X00~,MAF,St. Martin,,,51.00
MA-01,MAR,Tanger - Tétouan,,Region,76.00
MA-02,MAR,Gharb - Chrarda - Béni Hssen,,Region,99.00
MA-03,MAR,Taza - Al Hoceima - Taounate,,Region,60.00
MA-04,MAR,Oriental,,Region,77.00
MA-05,MAR,Fès - Boulemane,,Region,50.00
MA-06,MAR,Meknès - Tafilalet,,Region,53.00
MA-07,MAR,Rabat - Salé - Zemmour - Zaer,,Region,93.00
MA-08,MAR,Grand Casablanca,,Region,90.00
MA-09,MAR,Chaouia - Ouardigha,,Region,73.00
MA-10,MAR,Doukkala - Abda,,Region,92.00
MA-11,MAR,Marrakech - Tensift - Al Haouz,,Region,73.00
MA-12,MAR,Tadla - Azilal,,Region,40.00
MA-13,MAR,Souss - Massa - Draâ,,Region,49.00
MA-14,MAR,Guelmim - Es-Semara,,Region,53.00
MA-15,MAR,Laâyoune - Boujdour - Sakia El Hamra,,Region,75.00
MA-16,MAR,Oued el Dahab,Ed Dakhla|Oued Eddahab,Region,52.00
MC-X01~,MCO,Monaco,,,70.00
MD-AN,MDA,Anenii Noi,,District,78.00
MD-BA,MDA,Bălţi,,City,95.00
MD-BD,MDA,Bender,,City,74.00
MD-BR,MDA,Briceni,,District,53.00
MD-BS,MDA,Basarabeasca,,District,60.00
MD-CA,MDA,Cahul,,District,76.00
MD-CAM,MDA,Camenca,,District,47.00
MD-CL,MDA,Călărași,,District,69.00
MD-CM,MDA,Cimişlia,,District,96.00
MD-CR,MDA,Criuleni,,District,68.00
MD-CS,MDA,Causeni,,District,54.00
MD-CT,MDA,Cantemir,,District,47.00
MD-CU,MDA,Chişinău,,City,46.00
MD-DO,MDA,Donduseni,,District,65.00
MD-DR,MDA,Drochia,,District,43.00
MD-ED,MDA,Edineţ,,District,72.00
MD-FA,MDA,Făleşti,,District,69.00
MD-FL,MDA,Floreşti,,District,99.00
MD-GA,MDA,Comrat,Unitate Teritorială Autonoma Găgăuzia|UTAG|Găgăuzia,Autonomous Territory,97.00
MD-GL,MDA,Glodeni,,District,83.00
MD-GRI,MDA,Grigoriopol,,Territorial Unit,64.00
MD-HI,MDA,Hîncesti,,District,90.00
MD-IA,MDA,Ialoveni,,District,43.00
MD-LE,MDA,Leova,,District,78.00
MD-NI,MDA,Nisporeni,,District,66.00
MD-OC,MDA,Ocniţa,,District,44.00
MD-OR,MDA,Orhei,,District,75.00
MD-RE,MDA,Rezina,,District,88.00
MD-RE,MDA,Rezina,,District,88.00
MD-RI,MDA,Rîşcani,,District,45.00
MD-SD,MDA,Şoldăneşti,,District,99.00
MD-SI,MDA,Sîngerei,,District,42.00
MD-SN,MDA,Stîngă Nistrului,Dubăsari,District,42.00
MD-SN,MDA,Transnistria,,District,42.00
MD-SO,MDA,Soroca,,District,56.00
MD-ST,MDA,Străşeni,,District,83.00
MD-SV,MDA,Ștefan Vodă,,District,97.00
MD-TA,MDA,Taraclia,,District,49.00
MD-TE,MDA,Teleneşti,,District,83.00
MD-UN,MDA,Ungheni,,District,69.00
MG-A,MDG,Analanjirofo,Tamatave,Autonomous Province,62.00
MG-A,MDG,Atsinanana,Tamatave,Autonomous Province,62.00
MG-A,MDG,Alaotra-Mangoro,Tamatave,Autonomous Province,62.00
MG-D,MDG,Diana,Diégo-Suarez|Antseranana,Autonomous Province,79.00
MG-D,MDG,Sava,Diégo-Suarez|Antseranana,Autonomous Province,79.00
MG-F,MDG,Vatovavy-Fitovinany,,Autonomous Province,74.00
MG-F,MDG,Atsimo-Atsinanana,,Autonomous Province,74.00
MG-F,MDG,Amoron'i Mania,,Autonomous Province,74.00
MG-F,MDG,Ihorombe,,Autonomous Province,74.00
MG-F,MDG,Haute Matsiatra,,Autonomous Province,74.00
MG-M,MDG,Boeny,Majunga,Autonomous Province,47.00
MG-M,MDG,Sofia,Majunga,Autonomous Province,47.00
MG-M,MDG,Melaky,Majunga,Autonomous Province,47.00
MG-M,MDG,Betsiboka,Majunga,Autonomous Province,47.00
MG-T,MDG,Analamanga,Tananarive,Autonomous Province,41.00
MG-T,MDG,Bongolava,Tananarive,Autonomous Province,41.00
MG-T,MDG,Vakinankaratra,Tananarive,Autonomous Province,41.00
MG-T,MDG,Itasy,Tananarive,Autonomous Province,41.00
MG-U,MDG,Anosy,Toleary|Toliary|Tuléar,Autonomous Province,50.00
MG-U,MDG,Androy,Toleary|Toliary|Tuléar,Autonomous Province,50.00
MG-U,MDG,Atsimo-Andrefana,Toleary|Toliary|Tuléar,Autonomous Province,50.00
MG-U,MDG,Menabe,Toleary|Toliary|Tuléar,Autonomous Province,50.00
MV-00,MDV,Alifu Dhaalu,Ari Atholhu Dhekunuburi,Atoll,46.00
MV-01,MDV,Addu,Seenu|Addu City,City,80.00
MV-02,MDV,Alifu Alifu,Ari Atholhu Uthuruburi,Atoll,64.00
MV-03,MDV,Lhaviyani,Faadhippolhu,Atoll,98.00
MV-04,MDV,Vaavu,Felidhu Atholhu,Atoll,42.00
MV-05,MDV,Laamu,Haddhunmathi,Atoll,99.00
MV-07,MDV,Haa Alifu,Thiladhunmathi Uthuruburi,Atoll,83.00
MV-08,MDV,Thaa,Kolhumadulu,Atoll,74.00
MV-12,MDV,Meemu,Mulak Atholhu,Atoll,70.00
MV-12,MDV,Malé,Male City,Capital,70.00
MV-13,MDV,Raa,Maalhosmadulu Uthuruburi,Atoll,88.00
MV-14,MDV,Faafu,Nilandhe Atholhu Uthuruburi,Atoll,46.00
MV-17,MDV,Dhaalu,Nilandhe Atholhu Dhekunuburi,Atoll,57.00
MV-20,MDV,Baa,Maalhosmadulu Dhekunuburi,Atoll,74.00
MV-23,MDV,Haa Dhaalu,Thiladhunmathi Dhekunuburi,Atoll,66.00
MV-24,MDV,Shaviyani,Miladhunmadulu Uthuruburi,Atoll,87.00
MV-25,MDV,Noonu,Miladhunmadulu Dhekunuburi,Atoll,85.00
MV-26,MDV,Kaafu,Malé Atholhu,Atoll,71.00
MV-27,MDV,Gaafu Alifu,Huvadhu Atholhu Uthuruburi,Atoll,79.00
MV-28,MDV,Gaafu Dhaalu,Huvadhu Atholhu Dhekunuburi,Atoll,43.00
MV-29,MDV,Gnaviyani,Fuvahmulah|Naviyani,Atoll,84.00
MX-AGU,MEX,Aguascalientes,,State,86.00
MX-BCN,MEX,Baja California,,State,56.00
MX-BCS,MEX,Baja California Sur,,State,86.00
MX-CAM,MEX,Campeche,,State,76.00
MX-CHH,MEX,Chihuahua,,State,46.00
MX-CHP,MEX,Chiapas,,State,55.00
MX-COA,MEX,Coahuila,,State,45.00
MX-COL,MEX,Colima,,State,73.00
MX-DIF,MEX,Distrito Federal,,Federal District,50.00
MX-DUR,MEX,Durango,,State,48.00
MX-GRO,MEX,Guerrero,,State,95.00
MX-GUA,MEX,Guanajuato,,State,45.00
MX-HID,MEX,Hidalgo,,State,55.00
MX-JAL,MEX,Jalisco,,State,80.00
MX-MEX,MEX,México,,State,78.00
MX-MIC,MEX,Michoacán,,State,53.00
MX-MOR,MEX,Morelos,,State,90.00
MX-NAY,MEX,Nayarit,,State,59.00
MX-NLE,MEX,Nuevo León,,State,63.00
MX-OAX,MEX,Oaxaca,,State,68.00
MX-PUE,MEX,Puebla,,State,75.00
MX-QUE,MEX,Querétaro,,State,96.00
MX-ROO,MEX,Quintana Roo,,State,69.00
MX-SIN,MEX,Sinaloa,,State,46.00
MX-SLP,MEX,San Luis Potosí,,State,70.00
MX-SON,MEX,Sonora,,State,71.00
MX-TAB,MEX,Tabasco,,State,75.00
MX-TAM,MEX,Tamaulipas,,State,74.00
MX-TLA,MEX,Tlaxcala,,State,88.00
MX-VER,MEX,Veracruz,,State,71.00
MX-X01~,MEX,,,,46.00
MX-YUC,MEX,Yucatán,,State,52.00
MX-ZAC,MEX,Zacatecas,,State,57.00
MH-L,MHL,Railik Chain,Sunset Islands,,87.00
MH-T,MHL,Ratak Chain,Sunrise Islands,,77.00
MK-01,MKD,Aerodrom,,Municipality,81.00
MK-02,MKD,Aračinovo,Aracinovo,Statistical Region,59.00
MK-03,MKD,Berovo,,Statistical Region,59.00
MK-04,MKD,Bitola,,Statistical Region,58.00
MK-05,MKD,Bogdanci,,Statistical Region,59.00
MK-06,MKD,Bogovinje,,Statistical Region,75.00
MK-07,MKD,Bosilovo,,Statistical Region,45.00
MK-08,MKD,Brvenica,,Statistical Region,94.00
MK-09,MKD,Butel,,Municipality,88.00
MK-10,MKD,Valandovo,,Statistical Region,85.00
MK-11,MKD,Vasilevo,,Statistical Region,72.00
MK-12,MKD,Vevčani,,Statistical Region,64.00
MK-13,MKD,Veles,,Statistical Region,93.00
MK-14,MKD,Vinica,Vinitsa,Statistical Region,56.00
MK-15,MKD,Vraneštica,,Statistical Region,58.00
MK-16,MKD,Vrapcište,Polog,Statistical Region,73.00
MK-17,MKD,Gazi Baba,,Municipality,82.00
MK-18,MKD,Gevgelija,Southeastern,Statistical Region,80.00
MK-19,MKD,Gostivar,,Statistical Region,88.00
MK-20,MKD,Gradsko,,Statistical Region,51.00
MK-21,MKD,Debar,,Statistical Region,52.00
MK-22,MKD,Debarca,Debartsa,Statistical Region,88.00
MK-23,MKD,Delčevo,Delcevo,Statistical Region,45.00
MK-24,MKD,Demir Kapija,,Statistical Region,86.00
MK-25,MKD,Demir Hisar,,Statistical Region,82.00
MK-26,MKD,Dojran,,Statistical Region,42.00
MK-27,MKD,Dolneni,,Statistical Region,93.00
MK-28,MKD,Drugovo,,Statistical Region,54.00
MK-29,MKD,Gjorče Petrov,Gjorce Petrov,Municipality,57.00
MK-30,MKD,Želino,Zelino,Statistical Region,43.00
MK-31,MKD,Zajas,,Statistical Region,47.00
MK-32,MKD,Zelenikovo,,Statistical Region,95.00
MK-33,MKD,Zrnovci,,Statistical Region,59.00
MK-34,MKD,Ilinden,,Statistical Region,87.00
MK-35,MKD,Jegunovce,,Municipality,96.00
MK-36,MKD,Kavadartsi,,Statistical Region,50.00
MK-37,MKD,Karbinci,,Statistical Region,95.00
MK-38,MKD,Karpoš,,Municipality,80.00
MK-39,MKD,Kisela Voda,,Municipality,79.00
MK-40,MKD,Kičevo,Kicevo,Statistical Region,90.00
MK-41,MKD,Konče,Konce,Statistical Region,55.00
MK-42,MKD,Kočani,Kocani,Statistical Region,46.00
MK-43,MKD,Kratovo,,Statistical Region,59.00
MK-44,MKD,Kriva Palanka,,Statistical Region,84.00
MK-45,MKD,Krivogaštani,,Statistical Region,94.00
MK-46,MKD,Kruševo,,Statistical Region,64.00
MK-47,MKD,Kumanovo,,Statistical Region,98.00
MK-48,MKD,Lipkovo,,Statistical Region,47.00
MK-49,MKD,Lozovo,,Statistical Region,60.00
MK-50,MKD,Mavrovo and Rostusa,,Statistical Region,56.00
MK-51,MKD,Makedonska Kamenica,,Statistical Region,69.00
MK-52,MKD,Brod,Makedonski Brod,Statistical Region,56.00
MK-53,MKD,Mogila,Pelagonia,Statistical Region,52.00
MK-54,MKD,Negotino,,Statistical Region,67.00
MK-55,MKD,Novaci,Novatsi,Statistical Region,79.00
MK-56,MKD,Novo Selo,,Statistical Region,40.00
MK-57,MKD,Oslomej,Oslomej,Statistical Region,70.00
MK-58,MKD,Ohrid,,Statistical Region,73.00
MK-60,MKD,Pehčevo,Phecevo,Statistical Region,85.00
MK-61,MKD,Plasnica,,Statistical Region,80.00
MK-62,MKD,Prilep,,Statistical Region,95.00
MK-63,MKD,Probištip,Probistip,Statistical Region,97.00
MK-64,MKD,Radoviš,Radovis,Statistical Region,55.00
MK-65,MKD,Rankovce,,Statistical Region,78.00
MK-66,MKD,Resen,,Statistical Region,44.00
MK-67,MKD,Rosoman,Vardar,Statistical Region,76.00
MK-68,MKD,Saraj,,Municipality,43.00
MK-69,MKD,Sveti Nikole,,Statistical Region,90.00
MK-70,MKD,Sopište,,Statistical Region,59.00
MK-71,MKD,Staro Nagoričane,Northeastern,Statistical Region,48.00
MK-72,MKD,Struga,,Statistical Region,67.00
MK-73,MKD,Strumitsa,Southeastern,Statistical Region,99.00
MK-74,MKD,Studeničani,,Statistical Region,82.00
MK-75,MKD,Tearce,,Municipality,53.00
MK-76,MKD,Tetovo,,Statistical Region,51.00
MK-77,MKD,Centar,,Municipality,50.00
MK-78,MKD,Centar župa,,Statistical Region,61.00
MK-79,MKD,Čair,Cair,Municipality,56.00
MK-80,MKD,Čaška,Caška,Statistical Region,73.00
MK-81,MKD,Češinovo-Obleševo,Cešinovo-Obleševo,Statistical Region,78.00
MK-82,MKD,Čučer Sandevo,Cucer Sandevo,Statistical Region,68.00
MK-83,MKD,Štip,Stip,Statistical Region,52.00
MK-84,MKD,Šuto Orizari,,Municipality,64.00
MK-85,MKD,Skopje,,Statistical Region,89.00
ML-1,MLI,Kayes,,Region,43.00
ML-2,MLI,Koulikoro,,Region,50.00
ML-3,MLI,Sikasso,,Region,91.00
ML-4,MLI,Ségou,,Region,65.00
ML-5,MLI,Mopti,,Region,57.00
ML-6,MLI,Timbuktu,Timbouctou|Tombouctou|Timbuct|Timbuctu|Tombuktu|Tombuctú|Tomboucto,Region,89.00
ML-7,MLI,Gao,,Region,97.00
ML-8,MLI,Kidal,,Region,42.00
ML-BKO,MLI,Bamako,,District,93.00
MT-01,MLT,Attard,,,40.00
MT-02,MLT,Balzan,,,99.00
MT-03,MLT,Birgu,,,43.00
MT-04,MLT,Birkirkara,,,95.00
MT-05,MLT,Birżebbuġa,Birzebbugia,,70.00
MT-06,MLT,Cospicua,Bormla,,82.00
MT-07,MLT,Dingli,,,92.00
MT-08,MLT,Fgura,,,79.00
MT-09,MLT,Floriana,,,61.00
MT-10,MLT,"Fontana, Gozo",,,54.00
MT-11,MLT,Gudja,,,89.00
MT-12,MLT,Gżira,Gzira,,89.00
MT-13,MLT,Għajnsielem,Ghajnsielem,,96.00
MT-14,MLT,Għarb,Gharb,,76.00
MT-15,MLT,Għargħur,Gharghur,,82.00
MT-16,MLT,Għasri,Ghasri,,81.00
MT-17,MLT,Għaxaq,Ghaxaq,,70.00
MT-18,MLT,Ħamrun,Hamrun,,82.00
MT-19,MLT,Iklin,,,95.00
MT-20,MLT,Isla,Isla|Città Invicta,,73.00
MT-21,MLT,Kalkara,,,66.00
MT-22,MLT,Kerċem,Kercem,,86.00
MT-23,MLT,Kirkop,,,75.00
MT-24,MLT,Lija,,,97.00
MT-25,MLT,Luqa,,,62.00
MT-26,MLT,Marsa,,,98.00
MT-27,MLT,Marsaskala,Marsascala,,85.00
MT-28,MLT,Marsaxlokk,,,52.00
MT-29,MLT,Mdina,,,81.00
MT-30,MLT,Mellieħa,Mellieha|Il-Mellieħa,,66.00
MT-31,MLT,Mġarr,Mgarr,,76.00
MT-32,MLT,Mosta,,,95.00
MT-33,MLT,Mqabba,,,55.00
MT-34,MLT,Msida,,,45.00
MT-35,MLT,Mtarfa,Imtarfa,,90.00
MT-36,MLT,Munxar,,,47.00
MT-37,MLT,Nadur,,,46.00
MT-38,MLT,Naxxar,,,50.00
MT-39,MLT,Paola,,,79.00
MT-40,MLT,Pembroke,,,56.00
MT-41,MLT,Pietà,,,99.00
MT-42,MLT,Qala,,,40.00
MT-43,MLT,Qormi,,,69.00
MT-44,MLT,Qrendi,,,59.00
MT-45,MLT,Victoria,Rabat|Ir-Rabat Għawdex|Città Victoria,,87.00
MT-46,MLT,Rabat,,,41.00
MT-47,MLT,Safi,,,61.00
MT-48,MLT,San Giljan,St. Julian's,,86.00
MT-49,MLT,San Ġwann,,,45.00
MT-50,MLT,San Lawrenz,Saint Lawrence,,42.00
MT-51,MLT,San Pawl il-Bahar,St. Paul's Bay,,47.00
MT-52,MLT,Sannat,,,44.00
MT-53,MLT,Santa Luċija,Santa Lucija,,65.00
MT-54,MLT,Santa Venera,,,63.00
MT-55,MLT,Siġġiewi,Siggiewi,,98.00
MT-56,MLT,Sliema,,,42.00
MT-57,MLT,Swieqi,,,68.00
MT-58,MLT,Ta' Xbiex,,,65.00
MT-59,MLT,Tarxien,,,44.00
MT-60,MLT,Valletta,,,97.00
MT-61,MLT,Xagħra,Xaghra,,73.00
MT-62,MLT,Xewkija,,,77.00
MT-63,MLT,Xgħajra,Xghajra,,75.00
MT-64,MLT,Żabbar,Zabbar,,62.00
MT-65,MLT,Żebbuġ,,,52.00
MT-66,MLT,Żebbuġ,,,73.00
MT-67,MLT,Żejtun,Zejtun,,76.00
MT-68,MLT,Żurrieq,Zurrieq,,80.00
MM-01,MMR,Sagaing,,Division,81.00
MM-02,MMR,Bago,Pégou|Pegu,Division,48.00
MM-03,MMR,Magway,Magwe|Minbu,Division,79.00
MM-04,MMR,Mandalay,,Division,78.00
MM-05,MMR,Tanintharyi,Tenasserim|Thanintharyi,Division,89.00
MM-06,MMR,Yangon,Rangoon|Rangum|Rangun|Rang£n,Division,45.00
MM-07,MMR,Ayeyarwady,Irrawaddy|Ayeyarwaddy|Ayeyawady|Irawadi|Irraouaddi|Irrauaddy,Division,85.00
MM-11,MMR,Kachin,Jingphaw Mungdaw,State,66.00
MM-12,MMR,Kayah,Karenni,State,71.00
MM-13,MMR,Kayin,Kawthulei|Karen|Karin|Kawthoolei|Kawthulay,State,91.00
MM-14,MMR,Chin,Chin Hills,State,89.00
MM-15,MMR,Mon,Mun,State,51.00
MM-16,MMR,Rakhine,Arakan,State,71.00
MM-17,MMR,Shan,,State,94.00
ME-01,MNE,Andrijevica,,Municipality,69.00
ME-02,MNE,Bar,,Municipality,92.00
ME-03,MNE,Berane,,Municipality,56.00
ME-04,MNE,Bijelo Polje,,Municipality,76.00
ME-05,MNE,Budva,,Municipality,49.00
ME-06,MNE,Cetinje,,Municipality,84.00
ME-07,MNE,Danilovgrad,,Municipality,72.00
ME-08,MNE,Herceg Novi,,Municipality,50.00
ME-09,MNE,Kolašin,,Municipality,54.00
ME-10,MNE,Kotor,,Municipality,95.00
ME-11,MNE,Mojkovac,,Municipality,73.00
ME-12,MNE,Nikšic,,Municipality,66.00
ME-13,MNE,Plav,,Municipality,68.00
ME-14,MNE,Pljevlja,,Municipality,66.00
ME-15,MNE,Plužine,,Municipality,69.00
ME-16,MNE,Podgorica,,Municipality,50.00
ME-17,MNE,Rožaje,,Municipality,70.00
ME-18,MNE,Šavnik,,Municipality,66.00
ME-19,MNE,Tivat,,Municipality,60.00
ME-20,MNE,Ulcinj,,Municipality,72.00
ME-21,MNE,Žabljak,,Municipality,43.00
MN-035,MNG,Orhon,Erdenet|Orkhon,Municipality,67.00
MN-037,MNG,Darhan-Uul,Darchan|Darhan|Darkhan|Darkhan-Uul|Darchan-Uul,Municipality,73.00
MN-039,MNG,Hentiy,Chentii|Chentij|Hentey|Hentii|Kentai|Kentei|Khentei|Khenti,Province,44.00
MN-041,MNG,Hövsgöl,Chövsgöl|Chuwsgul|Hobsgol|Höbsögöl|Hubsugul|Khubsugal|Khubsugud|Khubsugul|Kossogol,Province,62.00
MN-043,MNG,Hovd,Chovd|Hobdo|Khobdo|Khovd|Kobdo|Chowd,Province,69.00
MN-046,MNG,Uvs,Ubs|Ubsa Nor|Ubsa Nur|Ubsu Hur|Upsanol|Uws,Province,45.00
MN-047,MNG,Töv,Central|Töb|Tub|Tuvaimag|Töw|Tuw,Province,66.00
MN-049,MNG,Selenge,Selenga,Province,76.00
MN-051,MNG,Sühbaatar,Sühe Baatar|Suhe-Bator|Sükhbaatar|Sukh-Batar|Sukhe-Bator|Süchbaatar,Province,93.00
MN-053,MNG,Ömnögovi,Góbi do Sul|Ömnögov'|Ömönö Gobi|South Gobi|Umnu|Ömnögow'|Südgobi,Province,74.00
MN-055,MNG,Övörhangay,Öbör Hangay|Övörchangaj|South Hangay|South Khangai|Ublhangai|Ubur-Khangai|Ovorkhangai|Öwörchangai|Uwurchangaj,Province,86.00
MN-057,MNG,Dzavhan,Dsawchan|Dzabhan|Dzabkhan|Dzavchan|Psapchyn|Zavhan|Zavkhan,Province,65.00
MN-059,MNG,Dundgovi,Central Gobi|Dunda Gobi|Dundgobi|Dundgov'|Middle Gobi|Dundgow'|Mittelgobi|G¢bi Central,Province,71.00
MN-061,MNG,Dornod,Choibalsan|Choybalsan|Doronad|Doronod|Eastern,Province,77.00
MN-063,MNG,Dornogovi,Dornogobi|Dornogov'|Dorono Gobi|East Gobi|Dornogow'|Ostgobi|G¢bi Oriental,Province,79.00
MN-064,MNG,Govĭ-Sümber,Gobisumber,Municipality,40.00
MN-065,MNG,Govi-Altay,Gobi-Altai|Gobi Altay|Gov'altaj|Gov'altay|Govyaltaj|Gow'altai,Province,72.00
MN-067,MNG,Bulgan,Bulagan,Province,86.00
MN-069,MNG,Bayanhongor,Bajan-Chongor|Bayan Khangor|Bayan Khongor,Province,76.00
MN-071,MNG,Bayan-Ölgiy,Bajan-Ölgij|Bayan Ölögey|Bayan-Ulegei|Bayanulgee|Bayan-Ulgii|Bajan-Ulegei,Province,65.00
MN-073,MNG,Arhangay,Alahangai|Ara Hangay|Ara-Khangai|Archangaj|Arkhangai|North Hangay|North Khangai|Archangai,Province,96.00
MN-1,MNG,Ulaanbaatar,Oulan-Bator|Ulan Bator|Ulan Bator Choto,Municipality,46.00
MP-X01~,MNP,Rota,,,44.00
MP-X02~,MNP,Tinian,,,60.00
MP-X03~,MNP,Saipan,,,88.00
MP-X04~,MNP,Northern Islands,,,47.00
MZ-A,MOZ,Niassa,,Province,81.00
MZ-B,MOZ,Manica,,Province,65.00
MZ-G,MOZ,Gaza,,Province,54.00
MZ-I,MOZ,Inhambane,,Province,62.00
MZ-L,MOZ,Maputo,,Province,65.00
MZ-L,MOZ,Maputo,,Province,65.00
MZ-N,MOZ,Nampula,Moçambique|Mozambique,Province,43.00
MZ-P,MOZ,Cabo Delgado,,Province,42.00
MZ-Q,MOZ,Zambezia,,Province,59.00
MZ-S,MOZ,Sofala,,Province,42.00
MZ-T,MOZ,Tete,,Province,93.00
MR-01,MRT,Hodh ech Chargui,Eastern Hodh|Hodh Charghi|Hodh Oriental,Region,45.00
MR-02,MRT,Hodh el Gharbi,Hodh Occidental|Western Hodh,Region,90.00
MR-03,MRT,Assaba,Açaba|el-`Açâba,Region,53.00
MR-04,MRT,Gorgol,,Region,69.00
MR-05,MRT,Brakna,,Region,70.00
MR-06,MRT,Trarza,,Region,81.00
MR-07,MRT,Adrar,,Region,64.00
MR-08,MRT,Dakhlet Nouadhibou,Dakhlet Nouâdhibou|Baie du Lévrier|Lévrier Bay,Region,87.00
MR-09,MRT,Tagant,,Region,47.00
MR-10,MRT,Guidimaka,Guidimagha|Guidimakha,Region,82.00
MR-11,MRT,Tiris Zemmour,,Region,93.00
MR-12,MRT,Inchiri,,Region,43.00
MR-NKC,MRT,Nouakchott,,District,45.00
MS-A,MSR,Saint Anthony,,Parish,52.00
MS-G,MSR,Saint Georges,,Parish,75.00
MS-P,MSR,Saint Peter,,Parish,43.00
MU-AG,MUS,Agaléga,,Dependency,75.00
MU-BL,MUS,Rivière Noire,Black River,District,97.00
MU-BR,MUS,Beau Bassin-Rose Hill,,City,47.00
MU-CU,MUS,Curepipe,,City,49.00
MU-FL,MUS,Flacq,,District,79.00
MU-GP,MUS,Grand Port,,District,94.00
MU-MO,MUS,Moka,,District,40.00
MU-PA,MUS,Pamplemousses,,District,54.00
MU-PL,MUS,Port Louis city,,City,73.00
MU-PL,MUS,Port Louis,,City,73.00
MU-PW,MUS,Plaines Wilhems,,District,48.00
MU-QB,MUS,Quatre Bornes,,City,59.00
MU-RO,MUS,Rodrigues,,Dependency,88.00
MU-RR,MUS,Rivière du Rempart,,District,72.00
MU-SA,MUS,Savanne,,District,65.00
MU-VP,MUS,Vacoas-Phoenix,,City,56.00
MW-BA,MWI,Balaka,,District,52.00
MW-BL,MWI,Blantyre,,District,84.00
MW-CK,MWI,Chikwawa,,District,68.00
MW-CR,MWI,Chiradzulu,,District,50.00
MW-CT,MWI,Chitipa,,District,65.00
MW-CT,MWI,Chitipa,,District,65.00
MW-DE,MWI,Dedza,,District,47.00
MW-DO,MWI,Dowa,,District,75.00
MW-KS,MWI,Kasungu,,District,50.00
MW-LI,MWI,Lilongwe,,District,44.00
MW-LK,MWI,Likoma,,District,73.00
MW-MC,MWI,Mchinji,Fort Manning,District,55.00
MW-MG,MWI,Mangochi,Mangoche|Fort Johnston,District,71.00
MW-MH,MWI,Machinga,Kasupe|Kasupi|Liwonde,District,75.00
MW-MU,MWI,Mulanje,Mlange|Mlanje,District,72.00
MW-MW,MWI,Mwanza,,District,95.00
MW-MZ,MWI,Mzimba,,District,95.00
MW-NB,MWI,Nkhata Bay,Chinteche,District,57.00
MW-NE,MWI,Neno,,District,77.00
MW-NI,MWI,Ntchisi,Nchisi,District,65.00
MW-NK,MWI,Nkhotakota,Kota Kota,District,90.00
MW-NS,MWI,Nsanje,Port Herald,District,74.00
MW-NU,MWI,Ntcheu,Ncheu,District,56.00
MW-PH,MWI,Phalombe,,District,82.00
MW-RU,MWI,Rumphi,Rumpi,District,67.00
MW-SA,MWI,Salima,,District,40.00
MW-TH,MWI,Thyolo,Cholo,District,48.00
MW-ZO,MWI,Zomba,,District,61.00
MY-01,MYS,Johor,Johor Darul Takzim|Johore,State,56.00
MY-02,MYS,Kedah,Kedah Darul Aman,State,80.00
MY-03,MYS,Kelantan,,State,58.00
MY-04,MYS,Melaka,Malacca|Malaka,State,44.00
MY-05,MYS,Negeri Sembilan,Negeri Sembilan Darul Khusus|Negri Sembilan,State,83.00
MY-06,MYS,Pahang,Pahang Darul Makmur,State,47.00
MY-07,MYS,Pulau Pinang,Penang and Province Wellesley|Penang,State,84.00
MY-08,MYS,Perak,Perak Darul Ridzuan,State,66.00
MY-09,MYS,Perlis,Perlis Indra Kayangan,State,74.00
MY-10,MYS,Selangor,Selangor Darul Ehsan,State,81.00
MY-11,MYS,Terengganu,Terengganu Darul Iman|Trengganu,State,73.00
MY-12,MYS,Sabah,North Borneo,State,74.00
MY-13,MYS,Sarawak,,State,44.00
MY-14,MYS,Kuala Lumpur,,Federal Territory,53.00
MY-15,MYS,Labuan,North Borneo,Federal Territory,89.00
MY-16,MYS,Putrajaya,,Federal Territory,92.00
NA-CA,NAM,Caprivi,,Region,41.00
NA-ER,NAM,Erongo,,Region,40.00
NA-HA,NAM,Hardap,,Region,82.00
NA-KA,NAM,Karas,,Region,96.00
NA-KH,NAM,Khomas,,Region,58.00
NA-KU,NAM,Kunene,,Region,92.00
NA-OD,NAM,Otjozondjupa,,Region,48.00
NA-OH,NAM,Omaheke,,Region,70.00
NA-OK,NAM,Kavango,,Region,66.00
NA-ON,NAM,Oshana,,Region,50.00
NA-OS,NAM,Omusati,,Region,46.00
NA-OT,NAM,Oshikoto,,Region,89.00
NA-OW,NAM,Ohangwena,,Region,46.00
NC-X01~,NCL,Îles Loyauté,Loyalty Islands|Islas de la Lealtad,Province,78.00
NC-X02~,NCL,Sud,,Province,48.00
NC-X03~,NCL,Nord,,Province,56.00
NE-1,NER,Agadez,Agadès,Department,51.00
NE-2,NER,Diffa,,Department,88.00
NE-3,NER,Dosso,,Department,99.00
NE-4,NER,Maradi,,Department,81.00
NE-5,NER,Tahoua,,Department,95.00
NE-6,NER,Tillabéri,,Department,59.00
NE-7,NER,Zinder,,Department,79.00
NE-8,NER,Niamey,,Capital District,55.00
NF-X01~,NFK,Norfolk Island,,,99.00
NG-AB,NGA,Abia,,State,71.00
NG-AD,NGA,Adamawa,,State,83.00
NG-AK,NGA,Akwa Ibom,,State,88.00
NG-AN,NGA,Anambra,,State,98.00
NG-BA,NGA,Bauchi,,State,42.00
NG-BE,NGA,Benue,,State,52.00
NG-BO,NGA,Borno,,State,69.00
NG-BY,NGA,Bayelsa,,State,75.00
NG-CR,NGA,Cross River,,State,73.00
NG-DE,NGA,Delta,,State,53.00
NG-EB,NGA,Ebonyi,,State,73.00
NG-ED,NGA,Edo,,State,61.00
NG-EK,NGA,Ekiti,,State,49.00
NG-EN,NGA,Enugu,,State,69.00
NG-FC,NGA,Federal Capital Territory,Abuja,State,67.00
NG-GO,NGA,Gombe,,State,71.00
NG-IM,NGA,Imo,,State,78.00
NG-JI,NGA,Jigawa,,State,89.00
NG-KD,NGA,Kaduna,,State,96.00
NG-KE,NGA,Kebbi,,State,74.00
NG-KN,NGA,Kano,,State,50.00
NG-KO,NGA,Kogi,,State,67.00
NG-KT,NGA,Katsina,,State,90.00
NG-KW,NGA,Kwara,,State,74.00
NG-LA,NGA,Lagos,,State,44.00
NG-NA,NGA,Nassarawa,,State,66.00
NG-NI,NGA,Niger,,State,45.00
NG-OG,NGA,Ogun,,State,98.00
NG-ON,NGA,Ondo,,State,58.00
NG-OS,NGA,Osun,,State,76.00
NG-OY,NGA,Oyo,,State,48.00
NG-PL,NGA,Plateau,,State,76.00
NG-RI,NGA,Rivers,,State,53.00
NG-SO,NGA,Sokoto,,State,50.00
NG-TA,NGA,Taraba,,State,86.00
NG-YO,NGA,Yobe,,State,82.00
NG-ZA,NGA,Zamfara,,State,47.00
NI-AN,NIC,Atlántico Norte,Región Autónoma del Atlántico Norte,Autonomous Region,66.00
NI-AS,NIC,Atlántico Sur,Región Autónoma del Atlántico Norte,Autonomous Region,95.00
NI-BO,NIC,Boaco,,Department,57.00
NI-CA,NIC,Carazo,,Department,58.00
NI-CI,NIC,Chinandega,,Department,91.00
NI-CO,NIC,Chontales,,Department,44.00
NI-ES,NIC,Estelí,Estel¡,Department,92.00
NI-GR,NIC,Granada,,Department,84.00
NI-JI,NIC,Jinotega,,Department,71.00
NI-LE,NIC,León,,Department,64.00
NI-MD,NIC,Madriz,,Department,65.00
NI-MN,NIC,Managua,,Department,49.00
NI-MS,NIC,Masaya,,Department,84.00
NI-MT,NIC,Matagalpa,,Department,63.00
NI-NS,NIC,Nueva Segovia,,Department,98.00
NI-RI,NIC,Rivas,,Department,95.00
NI-SJ,NIC,Rio San Juan,,Department,55.00
NU-X01~,NIU,Niue,,,65.00
NL-BQ1,NLD,Bonaire,,Special Municipality,44.00
NL-BQ2,NLD,Saba,,Special Municipality,86.00
NL-BQ3,NLD,St. Eustatius,,Special Municipality,44.00
NL-DR,NLD,Drenthe,,Province,85.00
NL-FL,NLD,Flevoland,,Province,86.00
NL-FR,NLD,Friesland,Frise|Frisia|Frísia,Province,89.00
NL-GE,NLD,Gelderland,Geldern|Gheldria|Guelders|Gueldre,Province,47.00
NL-GR,NLD,Groningen,Groninga|Groningue,Province,69.00
NL-LI,NLD,Limburg,Limbourg|Limburgo,Province,89.00
NL-NB,NLD,Noord-Brabant,Brabante del Norte|Brabante do Norte|Brabante settentrionale|Brabant-septentrional|Nord-Brabant|Nort,Province,66.00
NL-NH,NLD,Noord-Holland,Holanda do Norte|Hollande-septentrionale|North Holland,Province,69.00
NL-OV,NLD,Overijssel,,Province,74.00
NL-UT,NLD,Utrecht,,Province,74.00
NL-ZE,NLD,Zeeland,Zelanda|Zélande|Zelândia,Province,40.00
NL-ZH,NLD,Zuid-Holland,Hollande-méridionale|South Holland,Province,60.00
NO-01,NOR,Østfold,Oestfold fylke,County,94.00
NO-02,NOR,Akershus,Akershus fylke,County,61.00
NO-03,NOR,Oslo,Oslo fylke|Kristiania,County,93.00
NO-04,NOR,Hedmark,Hedmark fylke|Hedemarken|Heiðmörk,County,92.00
NO-05,NOR,Oppland,Oppland fylke|Kristian|Opland|Upplönd,County,65.00
NO-06,NOR,Buskerud,Buskerud fylke,County,66.00
NO-07,NOR,Vestfold,Vestfold fylke|Jarlsberg og Larvik,County,79.00
NO-08,NOR,Telemark,Telemark fylke|Bratsberg|Þelamörk,County,76.00
NO-09,NOR,Aust-Agder,Aust-Agder fylke|Austur-Agðir|Nedenes,County,57.00
NO-10,NOR,Vest-Agder,Vest-Agder fylke|Lister og Mandal|Vestur-Agðir,County,65.00
NO-11,NOR,Rogaland,Rogaland fylke|Stavanger,County,40.00
NO-12,NOR,Hordaland,Hordaland fylke|Hörðaland|Søndre Bergenhus,County,61.00
NO-14,NOR,Sogn og Fjordane,Sogn og Fjordane fyl|Nordre Bergenhus|Sogn og Firða-Fylki,County,97.00
NO-15,NOR,Møre og Romsdal,Moere og Romsdal fylk|Møre|Romsdal,County,94.00
NO-16,NOR,Sør-Trøndelag,Soer-Troendelag fylke|Søndre Trondhjem|Suður-Þrændalög,County,61.00
NO-17,NOR,Nord-Trøndelag,Nord-Troendelag fylke|Nordre Trondhjem|Norður-Þrændalög,County,66.00
NO-18,NOR,Nordland,Nordland fylke,County,88.00
NO-19,NOR,Troms,Troms fylke|Tromsø|Troms-Fylki,County,55.00
NO-20,NOR,Finnmark,Finnmark fylke|Finmarken|Finnmárkku|Finnmörk,County,50.00
NO-21,NOR,Svalbard,,Territory,57.00
NO-X01~,NOR,Bouvet Island,,,69.00
NP-BA,NPL,Bagmati,Madhyamanchal,District,61.00
NP-BH,NPL,Bheri,Madhya Pashchimanchal,District,75.00
NP-DH,NPL,Dhawalagiri,Dhaulagiri,Administrative Zone,42.00
NP-GA,NPL,Gandaki,Western|Pashchimanchal,District,42.00
NP-JA,NPL,Janakpur,,Administrative Zone,90.00
NP-KA,NPL,Karnali,,Administrative Zone,64.00
NP-KO,NPL,Bhojpur,Eastern|Purwanchal,District,78.00
NP-LU,NPL,Lumbini,,Administrative Zone,50.00
NP-MA,NPL,Mahakali,,Administrative Zone,50.00
NP-ME,NPL,Mechi,,Administrative Zone,80.00
NP-NA,NPL,Narayani,,Administrative Zone,84.00
NP-RA,NPL,Rapti,,Administrative Zone,57.00
NP-SA,NPL,Sagarmatha,,Administrative Zone,45.00
NP-SE,NPL,Seti,Sudur Pashchimanchal,District,98.00
NR-01,NRU,Aiwo,,,81.00
NR-02,NRU,Anabar,,,96.00
NR-03,NRU,Anetan,,,41.00
NR-04,NRU,Anibare,,,66.00
NR-05,NRU,Baiti,,,71.00
NR-06,NRU,Boe,,,53.00
NR-07,NRU,Buada,,,83.00
NR-08,NRU,Denigomodu,,,53.00
NR-09,NRU,Ewa,,,86.00
NR-10,NRU,Ijuw,,,51.00
NR-11,NRU,Meneng,,,74.00
NR-12,NRU,Nibok,,,81.00
NR-13,NRU,Uaboe,,,68.00
NR-14,NRU,Yaren,,,67.00
NZ-AUK,NZL,Auckland,Tāmaki-makau-rau,Unitary Authority,81.00
NZ-BOP,NZL,Bay of Plenty,Te Moana a Toi Te Huatahi,Regional Council,65.00
NZ-CAN,NZL,Canterbury,Waitaha,Regional Council,97.00
NZ-CIT,NZL,Chatham Islands Territory,Wharekauri,Special Island Authority,85.00
NZ-GIS,NZL,Gisborne District,Tūranga nui a Kiwa|East Coast,Unitary Authority,71.00
NZ-HKB,NZL,Hawke's Bay,Te Matau a Māui|Hawkes Bay,Regional Council,85.00
NZ-MBH,NZL,Marlborough District,,Unitary Authority,71.00
NZ-MWT,NZL,Manawatu-Wanganui,Manawatu Whanganui|Wanganui-Mawanatu,Regional Council,74.00
NZ-NSN,NZL,Nelson City,Whakatū,Unitary Authority,81.00
NZ-NTL,NZL,Northland,Te Tai tokerau,Regional Council,89.00
NZ-OTA,NZL,Otago,Ō Tākou,Regional Council,96.00
NZ-STL,NZL,Southland,Murihiku,Regional Council,79.00
NZ-TAS,NZL,Tasman District,,Unitary Authority,44.00
NZ-TKI,NZL,Taranaki,Taranaki|New Plymouth,Regional Council,41.00
NZ-WGN,NZL,Wellington,Te Whanga-nui-a-Tara,Regional Council,47.00
NZ-WKO,NZL,Waikato,Waikato,Regional Council,45.00
NZ-WTC,NZL,West Coast,Te Taihau ā uru,Regional Council,56.00
NZ-X01~,NZL,Kermadec Islands,,,66.00
NZ-X03~,NZL,Three Kings Islands,,,40.00
NZ-X04~,NZL,Antipodes Islands,,,52.00
NZ-X05~,NZL,Campbell Islands,,,64.00
NZ-X06~,NZL,Auckland Islands,,,60.00
NZ-X07~,NZL,The Snares,,,69.00
TK-X01~,NZL,Tokelau,,,81.00
OM-BA,OMN,Al Batnah North,Al Batinah|Ad Batinah,Region,48.00
OM-BJ,OMN,Al Batnah South,,Region,85.00
OM-BU,OMN,Al Buraymi,,Province,41.00
OM-DA,OMN,Ad Dakhliyah,Ad Dakhiliyah,Region,62.00
OM-MA,OMN,Muscat,Masqat,Province,56.00
OM-MU,OMN,Musandam,,Province,59.00
OM-SH,OMN,Ash Sharqiyah South,,Region,40.00
OM-SS,OMN,Ash Sharqiyah North,,Region,90.00
OM-WU,OMN,Al Wusta,,Region,96.00
OM-ZA,OMN,Al Dhahira,Adh Dhahirah|Az Zahirah,Region,57.00
OM-ZU,OMN,Dhofar,Al Janubiyah [Zufar],Province,45.00
PK-BA,PAK,Baluchistan,Balochistan|BéloutchistanBeluchistan|Baluchistão,Province,43.00
PK-GB,PAK,Northern Areas,,Centrally Administered Area,74.00
PK-IS,PAK,F.C.T.,Islamabad|Federal Capital Territory|Federal Capital Territory Islamabad|Territoire de la Capitale fédérale,Capital Territory,73.00
PK-JK,PAK,Azad Kashmir,Kashmir,Centrally Administered Area,90.00
PK-KP,PAK,K.P.,North-West Frontier Province,Province,72.00
PK-PB,PAK,Punjab,Pendjab|Penjab,Province,85.00
PK-SD,PAK,Sind,Sindh,Province,44.00
PK-TA,PAK,F.A.T.A.,Federally Administered Tribal Areas,Territory,99.00
PA-1,PAN,Bocas del Toro,,Province,99.00
PA-2,PAN,Coclé,,Province,56.00
PA-3,PAN,Colón,,Province,58.00
PA-4,PAN,Chiriquí,,Province,82.00
PA-5,PAN,Darién,,Province,93.00
PA-6,PAN,Herrera,,Province,68.00
PA-7,PAN,Los Santos,,Province,70.00
PA-8,PAN,Panama,,Province,56.00
PA-9,PAN,Veraguas,,Province,62.00
PA-EM,PAN,Emberá,Emberá-Wounaan,Indigenous Territory,71.00
PA-KY,PAN,Kuna Yala,,Indigenous Territory,60.00
PA-NB,PAN,Ngöbe Buglé,,Indigenous Territory,93.00
PN-X01~,PCN,Pitcairn Islands,,,55.00
PE-AMA,PER,Amazonas,,Department,46.00
PE-ANC,PER,Áncash,Ancachs,Department,51.00
PE-APU,PER,Apurímac,Apuromac,Department,98.00
PE-ARE,PER,Arequipa,,Department,47.00
PE-AYA,PER,Ayacucho,,Department,99.00
PE-CAJ,PER,Cajamarca,Caxamarca,Department,88.00
PE-CAL,PER,Callao,Region,Departamento,58.00
PE-CUS,PER,Cusco,Cuzco|Qosqo,Department,64.00
PE-HUC,PER,Huánuco,Huknuco,Department,62.00
PE-HUV,PER,Huancavelica,,Department,67.00
PE-ICA,PER,Ica,,Department,74.00
PE-JUN,PER,Junín,Junnn,Department,47.00
PE-LAL,PER,La Libertad,Libertad,Department,42.00
PE-LAM,PER,Lambayeque,,Department,68.00
PE-LIM,PER,Lima,Lima province,Department,42.00
PE-LIM,PER,Lima Province,Federal capital,Captial District,42.00
PE-LOR,PER,Loreto,,Department,91.00
PE-MDD,PER,Madre de Dios,,Department,86.00
PE-MOQ,PER,Moquegua,,Department,71.00
PE-PAS,PER,Pasco,,Department,87.00
PE-PIU,PER,Piura,,Department,95.00
PE-PUN,PER,Puno,El Callao,Department,93.00
PE-SAM,PER,San Martín,San Mart,Department,67.00
PE-TAC,PER,Tacna,,Department,98.00
PE-TUM,PER,Tumbes,Tumbez,Department,78.00
PE-UCA,PER,Ucayali,,Department,64.00
-99-X08~,PGA,Spratly Islands,,,96.00
PH-ABR,PHL,Abra,,Province,66.00
PH-AGN,PHL,Agusan del Norte,,Province,72.00
PH-AGN,PHL,Butuan,,Highly Urbanized City,72.00
PH-AGS,PHL,Agusan del Sur,,Province,99.00
PH-AKL,PHL,Aklan,,Province,43.00
PH-ALB,PHL,Albay,,Province,41.00
PH-ANT,PHL,Antique,,Province,56.00
PH-APA,PHL,Apayao,,Province,75.00
PH-AUR,PHL,Aurora,,Province,76.00
PH-BAN,PHL,Bataan,,Province,58.00
PH-BAS,PHL,Basilan,,Province,87.00
PH-BCD,PHL,Bacolod,,Highly Urbanized City,44.00
PH-BEN,PHL,Benguet,,Province,96.00
PH-BEN,PHL,Baguio,,Highly Urbanized City,96.00
PH-BIL,PHL,Biliran,,Province,93.00
PH-BOH,PHL,Bohol,,Province,94.00
PH-BTG,PHL,Batangas,,Province,79.00
PH-BTN,PHL,Batanes,,Province,96.00
PH-BUK,PHL,Bukidnon,,Province,51.00
PH-BUL,PHL,Bulacan,,Province,68.00
PH-CAG,PHL,Cagayan,,Province,54.00
PH-CAM,PHL,Camiguin,,Province,96.00
PH-CAN,PHL,Camarines Norte,,Province,55.00
PH-CAP,PHL,Capiz,,Province,47.00
PH-CAS,PHL,Camarines Sur,,Province,99.00
PH-CAS,PHL,Naga,,Independent Component City,99.00
PH-CAT,PHL,Catanduanes,,Province,90.00
PH-CAV,PHL,Cavite,,Province,63.00
PH-CEB,PHL,Cebu,,Highly Urbanized City,66.00
PH-CEB,PHL,Cebu,,Province,66.00
PH-COM,PHL,Compostela Valley,,Province,49.00
PH-DAO,PHL,Davao Oriental,,Province,90.00
PH-DAS,PHL,Davao del Sur,,Province,45.00
PH-DAV,PHL,Davao del Norte,Davao,Province,78.00
PH-DAV,PHL,Davao,,Highly Urbanized City,78.00
PH-EAS,PHL,Eastern Samar,,Province,51.00
PH-GUI,PHL,Guimaras,,Province,76.00
PH-IFU,PHL,Ifugao,,Province,84.00
PH-ILI,PHL,Iloilo,,Province,82.00
PH-ILI,PHL,Iloilo,,Highly Urbanized City,82.00
PH-ILN,PHL,Ilocos Norte,,Province,65.00
PH-ILS,PHL,Ilocos Sur,,Province,54.00
PH-ISA,PHL,Isabela,,Province,68.00
PH-ISA,PHL,Santiago,,Independent Component City,68.00
PH-KAL,PHL,Kalinga,,Province,93.00
PH-LAG,PHL,Laguna,,Province,77.00
PH-LAN,PHL,Iligan,,Highly Urbanized City,89.00
PH-LAN,PHL,Lanao del Norte,,Province,89.00
PH-LAP,PHL,Lapu-Lapu,,Highly Urbanized City,53.00
PH-LAS,PHL,Lanao del Sur,,Province,47.00
PH-LEY,PHL,Leyte,,Province,78.00
PH-LEY,PHL,Tacloban,,Highly Urbanized City,78.00
PH-LEY,PHL,Ormoc,,Independent Component City,78.00
PH-LUN,PHL,La Union,,Province,51.00
PH-MAD,PHL,Marinduque,,Province,90.00
PH-MAG,PHL,Maguindanao,,Province,93.00
PH-MAS,PHL,Masbate,,Province,71.00
PH-MDC,PHL,Mindoro Occidental,,Province,50.00
PH-MDE,PHL,Mandaue,,Highly Urbanized City,70.00
PH-MDR,PHL,Mindoro Oriental,,Province,68.00
PH-MNL,PHL,Las Pinas,,Highly Urbanized City,61.00
PH-MNL,PHL,Paranaque,,Highly Urbanized City,61.00
PH-MNL,PHL,Pasay,,Highly Urbanized City,61.00
PH-MNL,PHL,Manila,,Highly Urbanized City,61.00
PH-MNL,PHL,Navotas,,Highly Urbanized City,61.00
PH-MNL,PHL,Muntinlupa,,Highly Urbanized City,61.00
PH-MNL,PHL,Caloocan,,Highly Urbanized City,61.00
PH-MNL,PHL,Malabon,,Highly Urbanized City,61.00
PH-MNL,PHL,Valenzuela,,Highly Urbanized City,61.00
PH-MNL,PHL,Quezon City,,Highly Urbanized City,61.00
PH-MNL,PHL,Taguig,,Highly Urbanized City,61.00
PH-MNL,PHL,Marikina,,Highly Urbanized City,61.00
PH-MNL,PHL,Pasig,,Highly Urbanized City,61.00
PH-MNL,PHL,Makati,,Highly Urbanized City,61.00
PH-MNL,PHL,Pateros,,Independent Municipality,61.00
PH-MNL,PHL,Mandaluyong City,,Province,61.00
PH-MNL,PHL,San Juan,,Highly Urbanized City,61.00
PH-MOU,PHL,Mountain Province,,Province,86.00
PH-MSC,PHL,Misamis Occidental,,Province,81.00
PH-MSR,PHL,Misamis Oriental,,Province,94.00
PH-MSR,PHL,Cagayan de Oro,,Highly Urbanized City,94.00
PH-NCO,PHL,Cotabato,,Independent Component City,53.00
PH-NCO,PHL,Cotabato,North Cotabato,Province,53.00
PH-NEC,PHL,Negros Occidental,,Province,57.00
PH-NER,PHL,Negros Oriental,,Province,62.00
PH-NSA,PHL,Northern Samar,,Province,98.00
PH-NUE,PHL,Nueva Ecija,,Province,92.00
PH-NUV,PHL,Nueva Vizcaya,,Province,95.00
PH-PAM,PHL,Pampanga,,Province,46.00
PH-PAM,PHL,Angeles,,Highly Urbanized City,46.00
PH-PAN,PHL,Pangasinan,,Province,72.00
PH-PAN,PHL,Dagupan,,Independent Component City,72.00
PH-PLW,PHL,Palawan,Paragua,Province,92.00
PH-PLW,PHL,Puerto Princesa,,Highly Urbanized City,92.00
PH-QUE,PHL,Quezon,,Province,47.00
PH-QUE,PHL,Lucena,,Highly Urbanized City,47.00
PH-QUI,PHL,Quirino,,Province,83.00
PH-RIZ,PHL,Rizal,,Province,95.00
PH-ROM,PHL,Romblon,,Province,85.00
PH-SAR,PHL,Sarangani,,Province,79.00
PH-SCO,PHL,General Santos,,Highly Urbanized City,40.00
PH-SCO,PHL,South Cotabato,,Province,40.00
PH-SIG,PHL,Siquijor,,Province,89.00
PH-SLE,PHL,Southern Leyte,,Province,61.00
PH-SLU,PHL,Sulu,,Province,85.00
PH-SOR,PHL,Sorsogon,,Province,77.00
PH-SUK,PHL,Sultan Kudarat,,Province,48.00
PH-SUN,PHL,Surigao del Norte,Dinagat Islands,Province,49.00
PH-SUR,PHL,Surigao del Sur,,Province,61.00
PH-TAR,PHL,Tarlac,,Province,74.00
PH-TAW,PHL,Tawi-Tawi,,Province,93.00
PH-WSA,PHL,Samar,Western Samar,Province,51.00
PH-ZAN,PHL,Zamboanga del Norte,,Province,45.00
PH-ZAN,PHL,Zamboanga,,Highly Urbanized City,45.00
PH-ZAS,PHL,Zamboanga del Sur,,Province,56.00
PH-ZMB,PHL,Olongapo,,Highly Urbanized City,69.00
PH-ZMB,PHL,Zambales,,Province,69.00
PH-ZSI,PHL,Zamboanga Sibugay,,Province,77.00
PW-002,PLW,Aimeliik,,,81.00
PW-004,PLW,Airai,,,77.00
PW-010,PLW,Angaur,,,54.00
PW-050,PLW,Hatobohei,,,70.00
PW-100,PLW,Kayangel,,,60.00
PW-150,PLW,Koror,,,64.00
PW-212,PLW,Melekeok,,,47.00
PW-214,PLW,Ngaraard,,,59.00
PW-218,PLW,Ngarchelong,,,44.00
PW-222,PLW,Ngardmau,,,93.00
PW-224,PLW,Ngatpang,,,80.00
PW-226,PLW,Ngchesar,,,41.00
PW-227,PLW,Ngeremlengui,,,66.00
PW-228,PLW,Ngiwal,,,99.00
PW-350,PLW,Peleliu,,,72.00
PW-370,PLW,Sonsorol,,,97.00
PG-CPK,PNG,Chimbu,Simbu,Province,81.00
PG-CPM,PNG,Central,,Province,60.00
PG-EBR,PNG,East New Britain,Nova Bretanha Oriental|Nuova Britannia Orientale,Province,78.00
PG-EHG,PNG,Eastern Highlands,Planalto Oriental,Province,86.00
PG-EPW,PNG,Enga,,Province,76.00
PG-ESW,PNG,East Sepik,,Province,65.00
PG-GPK,PNG,Gulf,,Province,40.00
PG-MBA,PNG,Milne Bay,,Province,68.00
PG-MPL,PNG,Morobe,,Province,75.00
PG-MPM,PNG,Madang,,Province,49.00
PG-MRL,PNG,Manus,,Province,90.00
PG-NCD,PNG,National Capital District,,Province,83.00
PG-NIK,PNG,New Ireland,Neuirland|Nouvelle-Irlande|Nova Irlanda|Nuova Irlanda,Province,90.00
PG-NPP,PNG,Northern,Oro,Province,49.00
PG-NSB,PNG,North Solomons,Northern Solomon Islands|Bougainville,Province,54.00
PG-SAN,PNG,Sandaun,West Sepik,Province,42.00
PG-SHM,PNG,Southern Highlands,,Province,57.00
PG-WBK,PNG,West New Britain,Nova Bretanha Ocidental|Nuova Britannia Occidentale,Province,96.00
PG-WHM,PNG,Western Highlands,Planalto Ocidental,Province,88.00
PG-WPD,PNG,Western,Fly,Province,90.00
PL-DS,POL,Lower Silesian,Dolnoslaskie,Voivodeship|Province,40.00
PL-KP,POL,Kuyavian-Pomeranian,Kujawsko-Pomorskie,Voivodeship|Province,41.00
PL-LB,POL,Lubusz,Lubuskie,Voivodeship|Province,91.00
PL-LD,POL,Łódź,Lódzkie,Voivodeship|Province,49.00
PL-LU,POL,Lublin,Lubelskie,Voivodeship|Province,74.00
PL-MA,POL,Lesser Poland,Malopolskie,Voivodeship|Province,97.00
PL-MZ,POL,Masovian,Mazowieckie,Voivodeship|Province,60.00
PL-OP,POL,Opole,Opolskie,Voivodeship|Province,57.00
PL-PD,POL,Podlachian,Podlaskie,Voivodeship|Province,75.00
PL-PK,POL,Subcarpathian,Podkarpackie,Voivodeship|Province,41.00
PL-PM,POL,Pomeranian,Pomorskie,Voivodeship|Province,64.00
PL-SK,POL,Świętokrzyskie,Swietokrzyskie,Voivodeship|Province,67.00
PL-SL,POL,Silesian,Slaskie,Voivodeship|Province,63.00
PL-WN,POL,Warmian-Masurian,Warminsko-Mazurskie,Voivodeship|Province,82.00
PL-WP,POL,Greater Poland,Wielkopolskie,Voivodeship|Province,48.00
PL-ZP,POL,West Pomeranian,Zachodniopomorskie,Voivodeship|Province,99.00
US-PR,PRI,Puerto Rico,,,66.00
KP-01,PRK,P'yŏngyang,Pyongyang|Pjöngjang|P'yŏngyang-tŭkpyŏlsi,Special City,68.00
KP-02,PRK,P'yŏngan-namdo,South Pyongan|Heian Nan-do,Province,97.00
KP-03,PRK,P'yŏngan-bukto,North Pyongan|Heian Hoku-do,Province,56.00
KP-04,PRK,Chagang-do,Changang|Jagang,Province,96.00
KP-05,PRK,Hwanghae-namdo,South Hwanghae|South Hwanghai,Province,83.00
KP-06,PRK,Hwanghae-bukto,North Hwanghae|North Hwanghai,Province,62.00
KP-07,PRK,Kangwŏn-do,Kangwon|Kogen-do|North Kangwon,Province,79.00
KP-08,PRK,Hamgyŏng-namdo,South Hamgyong|Kankyo Nan-do,Province,91.00
KP-09,PRK,Hamgyŏng-bukto,North Hamgyong|Kankyo Hoku-do,Province,73.00
KP-10,PRK,Ryanggang,Yanggang|Ryanggang-do,Province,94.00
KP-13,PRK,Rasŏn,Najin Sŏnbong-si,Province,86.00
PT-01,PRT,Aveiro,,District,89.00
PT-02,PRT,Beja,,District,96.00
PT-03,PRT,Braga,,District,57.00
PT-04,PRT,Bragança,Braganza,District,70.00
PT-05,PRT,Castelo Branco,,District,99.00
PT-06,PRT,Coimbra,,District,62.00
PT-07,PRT,Évora,,District,71.00
PT-08,PRT,Faro,,District,59.00
PT-09,PRT,Guarda,,District,87.00
PT-10,PRT,Leiria,,District,77.00
PT-11,PRT,Lisboa,Lisbon|Lisbona|Lisbonne|Lissabon,District,97.00
PT-12,PRT,Portalegre,,District,43.00
PT-13,PRT,Porto,Oporto,District,40.00
PT-14,PRT,Santarém,,District,71.00
PT-15,PRT,Setúbal,,District,92.00
PT-16,PRT,Viana do Castelo,Vianna do Castello,District,47.00
PT-17,PRT,Vila Real,Villa Real,District,93.00
PT-18,PRT,Viseu,Vizeu,District,68.00
PT-20,PRT,Azores,Açores,Autonomous region,50.00
PT-30,PRT,Madeira,,Autonomous region,84.00
PY-1,PRY,Concepción,,Department,95.00
PY-10,PRY,Alto Paraná,,Department,57.00
PY-11,PRY,Central,,Department,52.00
PY-12,PRY,Ñeembucú,,Department,82.00
PY-13,PRY,Amambay,,Department,74.00
PY-14,PRY,Canindeyú,,Department,88.00
PY-15,PRY,Presidente Hayes,,Department,70.00
PY-16,PRY,Alto Paraguay,,Department,71.00
PY-19,PRY,Boquerón,,Department,88.00
PY-2,PRY,San Pedro,,Department,61.00
PY-3,PRY,Cordillera,,Department,78.00
PY-4,PRY,Guairá,,Department,80.00
PY-5,PRY,Caaguazú,,Department,78.00
PY-6,PRY,Caazapá,,Department,61.00
PY-7,PRY,Itapúa,,Department,63.00
PY-8,PRY,Misiones,,Department,67.00
PY-9,PRY,Paraguarí,,Department,79.00
PY-ASU,PRY,Asunción,,Capital District,95.00
PS-GZZ,PSX,Gaza Strip,,,58.00
PS-WBK,PSX,West Bank,,,83.00
PF-X01~,PYF,Windward Islands,,,98.00
PF-X02~,PYF,Leeward Islands,,,84.00
PF-X03~,PYF,Tuamotu-Gambier,,,95.00
PF-X04~,PYF,Austral Islands,,,74.00
PF-X05~,PYF,Marquesas Islands,,,97.00
QA-DA,QAT,Ad Dawhah,Doha,Municipality,98.00
QA-KH,QAT,Al Khawr,Al Khor|Al Khawr wa adh Dhakhīrah,Municipality,49.00
QA-MS,QAT,Madinat ach Shamal,Al Shamal|Ash Shamal,Municipality,54.00
QA-RA,QAT,Ar Rayyān,Al Rayyan,Municipality,55.00
QA-US,QAT,Umm Salal,Um Salal|Umm Ṣalāl,Municipality,88.00
QA-WA,QAT,Al Wakrah,,Municipality,42.00
QA-ZA,QAT,Al Daayen,Az̧ Za̧`āyin,Municipality,63.00
RO-AB,ROU,Alba,,County,69.00
RO-AG,ROU,Arges,Argeș,County,76.00
RO-AR,ROU,Arad,,County,57.00
RO-B,ROU,Bucharest,Bucarest|Bucareste|Bucureşti|Bukarest,City,51.00
RO-BC,ROU,Bacau,Bacău,County,75.00
RO-BH,ROU,Bihor,,County,90.00
RO-BN,ROU,Bistrita-Nasaud,Bistrişa-Năsăud|Bistritz,County,46.00
RO-BR,ROU,Braila,Brăila,County,70.00
RO-BT,ROU,Botosani,Botoşani|Botoschani,County,94.00
RO-BV,ROU,Brasov,Braşov|Kronstadt|Stalin,County,45.00
RO-BZ,ROU,Buzau,Buzău,County,56.00
RO-CJ,ROU,Cluj,Klausenburg,County,90.00
RO-CL,ROU,Calarasi,Călărași|Kalarasch,County,87.00
RO-CS,ROU,Caras-Severin,Caraș-Severin,County,55.00
RO-CT,ROU,Constanta,Constanța|Konstanza,County,44.00
RO-CV,ROU,Covasna,,County,98.00
RO-DB,ROU,Dâmbovita,Dâmbovița,County,62.00
RO-DJ,ROU,Dolj,,County,88.00
RO-GJ,ROU,Gorj,,County,82.00
RO-GL,ROU,Galati,Galați|Galatz,County,59.00
RO-GR,ROU,Giurgiu,,County,79.00
RO-HD,ROU,Hunedoara,,County,63.00
RO-HR,ROU,Harghita,,County,95.00
RO-IF,ROU,Ilfov,,County,63.00
RO-IL,ROU,Ialomita,Ialomița,County,83.00
RO-IS,ROU,Iasi,Iași|Jassy,County,69.00
RO-MH,ROU,Mehedinti,Mehedinți,County,90.00
RO-MM,ROU,Maramures,Maramureș,County,76.00
RO-MS,ROU,Mures,Mureș,County,70.00
RO-NT,ROU,Neamt,Neamț,County,43.00
RO-OT,ROU,Olt,,County,45.00
RO-PH,ROU,Prahova,,County,60.00
RO-SB,ROU,Sibiu,Hermannstadt,County,48.00
RO-SJ,ROU,Salaj,Sălaj,County,82.00
RO-SM,ROU,Satu Mare,,County,47.00
RO-SV,ROU,Suceava,,County,53.00
RO-TL,ROU,Tulcea,,County,64.00
RO-TM,ROU,Timis,Timiș,County,81.00
RO-TR,ROU,Teleorman,,County,42.00
RO-VL,ROU,Vâlcea,,County,56.00
RO-VN,ROU,Vrancea,,County,63.00
RO-VS,ROU,Vaslui,,County,91.00
RU-AD,RUS,Adygey,Adygea|Adygeya|Adygheya|Republic of Adygeya|Adygeyskaya A.Obl.|Respublika Adygeya,Republic,48.00
RU-AL,RUS,Gorno-Altay,Gorno-Altayskaya A.Obl.|Respublika Altay|Oirot|Republic of Altai,Republic,85.00
RU-ALT,RUS,Altay,Altayskiy Kray,Territory,66.00
RU-AMU,RUS,Amur,Amurskaya Oblast,Region,69.00
RU-ARK,RUS,Arkhangel'sk,Vologodskaya Oblast,Region,81.00
RU-AST,RUS,Astrakhan',Astrachan|Astrakhanskaya Oblast,Region,89.00
RU-BA,RUS,Bashkortostan,Bashkir|Bashkiriya|Bashkirskaya A.S.S.R.|Republic of Bashkortostan|Respublika Bashkortostan,Republic,89.00
RU-BEL,RUS,Belgorod,Belgorodskaya Oblast,Region,45.00
RU-BRY,RUS,Bryansk,Bryanskaya Oblast,Region,94.00
RU-BU,RUS,Buryat,Buryatiya|Buryat-Mongol A.S.S.R.|Republic of Buryatia|Buryatskaya A.S.S.R.,Republic,71.00
RU-CE,RUS,Chechnya,Cecenia|Chechenia|Chechênia|Tchetchnia|Chechen-Ingush A.S.S.R.|Checheno-Ingushetia|Checheno-Ingushetia,Republic,84.00
RU-CHE,RUS,Chelyabinsk,Chelyabinskaya,Region,75.00
RU-CHU,RUS,Chukchi Autonomous Okrug,Chukotskiy Avtonomnyy Okrug,Autonomous Province,51.00
RU-CU,RUS,Chuvash,Chuvashskaya A.S.S.R.|Chuvashskaya Respublika|Chuvashiya|Chuvash Republic,Republic,45.00
RU-DA,RUS,Dagestan,Dagestanskaya A.S.S.R.|Daghestan|Republic of Dagestan|Respublika Dagestan|Dagistan,Republic,74.00
RU-IN,RUS,Ingush,Ingouchie|Inguchétia|Inguschetien|Ingushetia|Ingushetiya|Ingush Republic|Ingushskaya Respublika|Respublika Ingushetiya,Republic,77.00
RU-IRK,RUS,Irkutsk,Irkutskaya Oblast,Region,46.00
RU-IVA,RUS,Ivanovo,Ivanovskaya Oblast,Region,44.00
RU-KAM,RUS,Kamchatka,Kamçatka|Kamchatskaya Oblast,Region,82.00
RU-KB,RUS,Kabardin-Balkar,Kabardin A.S.S.R.|Kabardino-Balkarskaya A.S.S.R.|Kabardino-Balkariya|Kabardino-Balkarsk|Kabard|Kabardino-Balkarskaya Republic,Republic,82.00
RU-KC,RUS,Karachay-Cherkess,Karaçay-Çerkes|Karachay-Cherkessiya|Karachayevo-Cherkesskaya Respublika|Karachayevo-Cherkessiya|Karachayevo-Cherkess Republic|K,Republic,61.00
RU-KDA,RUS,Krasnodar,Cossacks of the Black Sea|Kuban|Kubanskaya|Yekaterinodar|Krasnodarskiy Kray,Territory,50.00
RU-KEM,RUS,Kemerovo,Kemerovskaya Oblast,Region,48.00
RU-KGD,RUS,Kaliningrad,Kaliningradskaya Oblast,Region,82.00
RU-KGN,RUS,Kurgan,Kurganskaya Oblast,Region,88.00
RU-KHA,RUS,Khabarovsk,Khabarovskiy Kray,Territory,56.00
RU-KHM,RUS,Khanty-Mansiy,Khanty-Mansiysk|Khanty-Mansiyskiy A.Okr.|Khanty-Mansiyskiy A.Okr.-Yugra|Khanty-Mansiyskiy AOk,Autonomous Province,73.00
RU-KIR,RUS,Kirov,Vyatka|Vyatskaya G.|Kirovskaya Oblast,Region,88.00
RU-KK,RUS,Khakass,Khakassiya|Republic of Khakasia|Khakasskaya A.Obl.|Respublika Khakasiya|Republic of Khakasia,Republic,69.00
RU-KL,RUS,Kalmyk,Kalmykiya|Khalmg Tangch|Republic of Kalmykia|Kalmytskaya A.S.S.R.|Respublika Kalmykiya,Republic,53.00
RU-KLU,RUS,Kaluga,Kaluzhskaya Oblast,Region,63.00
RU-KO,RUS,Komi,Komi A.S.S.R.|Republic of Komi|Respublika Komi,Republic,42.00
RU-KOS,RUS,Kostroma,Kostromskaya,Region,95.00
RU-KR,RUS,Karelia,Karelian A.S.S.R.|Karelo-Finnish A.S.S.R.|Karel'skaya A.S.S.R.|Olonets|Olonetskaya G.|Kareliya|Republic of Karelia,Republic,89.00
RU-KRS,RUS,Kursk,Kurskaya Oblast,Region,89.00
RU-KYA,RUS,Krasnoyarsk,Krasnoyarskiy Kray|Yeniseisk|Yeniseyskaya G.,Territory,71.00
RU-LEN,RUS,Leningrad,Saint Petersburg|Sankt-Peterburgskaya G.|Leningradskaya Oblast,Region,82.00
RU-LIP,RUS,Lipetsk,Lipetskaya Oblast,Region,66.00
RU-MAG,RUS,Maga Buryatdan,Magadanskaya Oblast,Region,49.00
RU-ME,RUS,Mariy-El,Mari|Mari-El|Republic of Mari El|Mariyskaya A.S.S.R.|Respublika Mariy El,Republic,44.00
RU-MO,RUS,Mordovia,Mordov|Mordvian Autonomous Republic|Mordvinia|Republic of Mordovia|Mordovian A.S.S.R.,Republic,86.00
RU-MOS,RUS,Moskva,Mosca|Moscou|Moscow|Mosc£|Moskau|Moskova|Moskovskaya,Federal City,59.00
RU-MOW,RUS,Moskovskaya,Moskovskaya Oblast,Region,89.00
RU-MUR,RUS,Murmansk,Murmanskaya Oblast,Region,54.00
RU-NEN,RUS,Nenets,Nenetskiy A.Okr.|Nenetskiy AOk,Autonomous Province,80.00
RU-NGR,RUS,Novgorod,Novgorodskaya Oblast,Region,99.00
RU-NIZ,RUS,Nizhegorod,Gor'kiy|Gor'kovskaya|Gorky|Nizhegorodskaya|Nizhniy-Novgorod,Region,77.00
RU-NVS,RUS,Novosibirsk,Novosibirskaya Oblast,Region,63.00
RU-OMS,RUS,Omsk,Omskaya Oblast,Region,91.00
RU-ORE,RUS,Orenburg,Chkalov|Orenburgskaya|Orenburgskaya Oblast,Region,49.00
RU-ORL,RUS,Orel,Orlovskaya|Or'ol|Oryol|Orlovskaya Oblast,Region,83.00
RU-PER,RUS,Perm',Molotov|Permskaya Oblast,Territory,61.00
RU-PNZ,RUS,Penza,Penzenskaya Oblast,Region,40.00
RU-PRI,RUS,Primor'ye,Küsten-Gebiet|Maritime Territory|Primorsk|Primorskiy Kray,Territory,96.00
RU-PSK,RUS,Pskov,Pskovskaya Oblast,Region,60.00
RU-ROS,RUS,Rostov,Province of the Don Cossacks|Provinz des Donischen Heeres|Voyska Donskovo|Rostovskaya Oblast,Region,95.00
RU-RYA,RUS,Ryazan',Ryazanskaya Oblast|Ryazanskaya Oblast,Region,63.00
RU-SA,RUS,Sakha (Yakutia),Chukotka|Chukotskiy AOk,Autonomous Province,94.00
RU-SAK,RUS,Sakhalin,Sakhalinskaya Oblast,Region,61.00
RU-SAM,RUS,Samara,Kuybyshev|Kuybyshevskaya|Samarskaya Oblast,Region,61.00
RU-SAR,RUS,Saratov,Saratovskaya Oblast,Region,48.00
RU-SE,RUS,North Ossetia,Kuzey Osetya|Respublika Severnaya Osetiya|Severnaya Osetiya-Alaniya|North Ossetian A.S.S.R.|Republic of North Osetia-Alania,Republic,44.00
RU-SMO,RUS,Smolensk,Smolenskaya Oblast,Region,99.00
RU-SPE,RUS,City of St. Petersburg,Sankt-Peterburg gorsovet,Federal City,75.00
RU-STA,RUS,Stavropol',Stavropol'skiy Kray|Stavropolskiy Kray,Territory,40.00
RU-SVE,RUS,Sverdlovsk,Yekaterinburg|Sverdlovskaya Oblast,Region,65.00
RU-TA,RUS,Tatarstan,Kazan|Kazanskaya G.|Tatar A.S.S.R.|Tatarskaya A.S.S.R.|Republic of Tatarstan|Respublika Tatars,Republic,56.00
RU-TAM,RUS,Tambov,Tambovskaya Oblast,Region,97.00
RU-TOM,RUS,Tomsk,Tomskaya,Region,76.00
RU-TUL,RUS,Tula,Tul'skaya|Tulskaya Oblast,Region,77.00
RU-TVE,RUS,Tver',Kalinin|Kalininskaya|Tverskaya Oblast,Region,63.00
RU-TY,RUS,Tuva,Respublika Tyva|Republic of Tuva|Tyva|Tuvinskaya A.S.S.R.|Republic of Tyva,Republic,65.00
RU-TYU,RUS,Tyumen',Tobol'sk|Tobol'skaya G.|Tyumenskaya Oblast,Region,82.00
RU-UD,RUS,Udmurt,Udmurtiya|Udmurt Republic|Udmurtskaya A.S.S.R.|Udmurtskaya Respublika,Republic,91.00
RU-ULY,RUS,Ul'yanovsk,Simbirsk|Simbirskaya G.|Ul'yanovskaya Oblast,Region,97.00
RU-VGG,RUS,Volgograd,Stalingrad|Volgogradskaya Oblast,Region,61.00
RU-VLA,RUS,Vladimir,Vladimirskaya,Region,56.00
RU-VLG,RUS,Vologda,Vologodskaya Oblast,Region,52.00
RU-VOR,RUS,Voronezh,Voronezhskaya Oblast,Region,74.00
RU-X01~,RUS,,,,75.00
RU-YAN,RUS,Yamal-Nenets,Yamalo-Nenetskiy A.Okr,Autonomous Province,63.00
RU-YAR,RUS,Yaroslavl',Yaroslavskaya Oblast,Region,47.00
RU-YEV,RUS,Yevrey,Den jødiske autonome oblasten|Evrey|Jewish A.Obl.|Yahudi|Yevreyskaya A.Obl.|Evreyskaya AOb,Autonomous Region,69.00
RU-ZAB,RUS,Chita,Transbaikalia|Zabaykal'skaya|Transbaikalien|Chitinskaya Oblast,Region,85.00
UA-40,RUS,Sevastopol,,Federal City,41.00
UA-43,RUS,Crimea,Crimée|Criméia|Krim|Krymskaya Respublika|Respublika Krym,Autonomous Republic,54.00
RW-01,RWA,Kigali City,Ville de Kigali,Province,91.00
RW-02,RWA,Eastern,Province de l'Est,Province,92.00
RW-03,RWA,Northern,Province du Nord,Province,46.00
RW-04,RWA,Western,Province de l'Ouest,Province,97.00
RW-05,RWA,Southern,Province du Sud,Province,52.00
EH-X01~,SAH,Western Sahara,,,92.00
SA-01,SAU,Ar Riyad,Riyad|Riad|Riyadh,Region,68.00
SA-02,SAU,Makkah,La Meca|La Mecca|La Mecque|Makka|Makkah al-Mukarramah|Mecca|Meca|Mecka|Mekka,Region,62.00
SA-03,SAU,Al Madinah,Madinah|Al Madinah al Munawwarah|Monwarah|Medina|Médine,Region,97.00
SA-04,SAU,Ash Sharqiyah,Eastern Province,Region,51.00
SA-05,SAU,Al Quassim,Al Gassim|Gasim|Qaseem|Al Qasseem,Region,95.00
SA-06,SAU,Ha'il,Hail,Region,98.00
SA-07,SAU,Tabuk,Tabouk,Region,82.00
SA-08,SAU,Al Hudud ash Shamaliyah,Northern Frontier,Region,58.00
SA-09,SAU,Jizan,Jazan|Qizan,Region,50.00
SA-10,SAU,Najran,,Region,55.00
SA-11,SAU,Al Bahah,Baha,Region,74.00
SA-12,SAU,Al Jawf,JawfAl Joaf|Al-Jouf|Jowf,Region,81.00
SA-14,SAU,`Asir,Asir|Aseer|Assyear,Region,93.00
SD-DE,SDN,Central Darfur,Dārfūr al Gharbīyah|Gharb Dārfūr,State,86.00
SD-DN,SDN,North Darfur,North Darfur|Darfur ash Shamaliyah|Shamal Darfur|Darfur septentrional,State,79.00
SD-DS,SDN,Southern Darfur,Dārfūr al Janūbīyah| Janūb Dārfūr| Darfur méridional| Southern Darfur,State,91.00
SD-DS,SDN,Eastern Darfur,Dārfūr al Janūbīyah| Janūb Dārfūr| Darfur méridional| Southern Darfur,State,91.00
SD-DW,SDN,Western Darfur,Dārfūr al Gharbīyah|Gharb Dārfūr,State,92.00
SD-GD,SDN,Gedarif,Al Qadarif|Gadarif| Gedaref| Gederaf,State,45.00
SD-GZ,SDN,Gezira,Al Jazirah,State,54.00
SD-KA,SDN,Kassala,Cassala|Kessala,State,68.00
SD-KH,SDN,Khartoum,Al Kharţūm|Al Khurţūm|Cartum|Jartum|Khartum,Region,41.00
SD-KN,SDN,North Kordufan,Kordofan septentrional| Kurdufān ash Shamālīyah| Shamāl Kurdufān| North Kordofan,State,65.00
SD-KS,SDN,South Kordufan,Southern Kordofan|South Kordufan|Janūb Kurdufān|Janub Kurdufun|Kurdufān al Janūbīyah|Kordofan méridional,State,63.00
SD-NB,SDN,Blue Nile,An Nīl al Azraq|Nil Bleu|Nilo Azul,State,52.00
SD-NO,SDN,Northern,,State,88.00
SD-NR,SDN,River Nile,"an Nīl, Nahr an Nīl| Nil| Nile| Nile River|Nilen|Nilo",State,76.00
SD-NW,SDN,White Nile,An Baḥr al Abyad|An Nīl al-Abyad|Nil Blanc|Nilo Branco,State,86.00
SD-RS,SDN,Red Sea,Ba?r al A?mar|Mar Rojo|Mar Rosso|Mar Vermelho|Mer Rouge|Röda havet|Rødehavet|Rotes Meer,State,70.00
SD-SI,SDN,Sennar,"Al Wusţá, Al Awsat |An Nil al Azraq| Central",Region,95.00
SS-BN,SDS,Northern Bahr el Ghazal,North Bahr-al-Gazal| North Bahr el Ghazal| Shamal Bahr al Ghazal,State,57.00
SS-BW,SDS,Western Bahr el Ghazal,,State,68.00
SS-EC,SDS,Central Equatoria,,State,63.00
SS-EE,SDS,Eastern Equatoria,Al Istiwā'īyah ash Sharqīyah| Sharq al Istiwā'īyah| Équatoria oriental,State,54.00
SS-EW,SDS,Western Equatoria,Al Istiwā'īyah al Gharbīyah|Gharb al Istiwā'īyah| Équatoria occidental,State,43.00
SS-JG,SDS,Jonglei,Jungoli|Jonglei|Jonglie|Jonqley|Junqali|Jongley,State,68.00
SS-LK,SDS,Lakes,,State,65.00
SS-NU,SDS,Upper Nile,Upper Nile|Sobat|a`Ālī an Nīl|Nil supérieur,State,50.00
SS-UY,SDS,Unity,Al-Wahdah| Wahda,State,68.00
SS-WR,SDS,Warrap,Warab|Warrab,State,40.00
SN-DB,SEN,Diourbel,,Region,46.00
SN-DK,SEN,Dakar,Cap Vert|Dacar,Region,54.00
SN-FK,SEN,Fatick,,Region,57.00
SN-KA,SEN,Kaffrine,,Region,72.00
SN-KD,SEN,Kolda,,Region,81.00
SN-KE,SEN,Kédougou,,Region,64.00
SN-KL,SEN,Kaolack,,Region,83.00
SN-LG,SEN,Louga,,Region,51.00
SN-MT,SEN,Matam,,Region,41.00
SN-SE,SEN,Sédhiou,,Region,48.00
SN-SL,SEN,Saint-Louis,,Region,58.00
SN-TC,SEN,Tambacounda,Sénégal Oriental,Region,84.00
SN-TH,SEN,Thiès,,Region,42.00
SN-ZG,SEN,Ziguinchor,,Region,81.00
SG-01,SGP,Central Singapore,,,84.00
SG-02,SGP,North East,,,50.00
SG-03,SGP,North West,,,68.00
SG-04,SGP,South East,,,62.00
SG-05,SGP,South West,,,97.00
GS-X01~,SGS,South Georgia and the South Sandwich Islands,,,58.00
SH-AC,SHN,Ascension,,,90.00
SH-HL,SHN,Saint Helena,,,90.00
SH-TA,SHN,Tristan da Cunha,,,91.00
SB-CE,SLB,Central,,Province,68.00
SB-CH,SLB,Western,Lauru,Province,79.00
SB-CH,SLB,Choiseul,Lauru,Province,79.00
SB-CT,SLB,Capital Territory (Honiara),,Province,78.00
SB-GU,SLB,Guadalcanal,,Province,85.00
SB-IS,SLB,Isabel,,Province,52.00
SB-MK,SLB,Makira,Makira and Ulawa,Province,86.00
SB-ML,SLB,Malaita,,Province,59.00
SB-RB,SLB,Rennell and Bellona,,Province,41.00
SB-TE,SLB,Temotu,Eastern Islands,Province,96.00
SL-E,SLE,Eastern,,Province,69.00
SL-N,SLE,Northern,,Province,95.00
SL-S,SLE,Southern,,Province,73.00
SL-W,SLE,Western,,Province,62.00
SV-AH,SLV,Ahuachapán,,Department,41.00
SV-CA,SLV,Cabañas,,Department,54.00
SV-CH,SLV,Chalatenango,,Department,59.00
SV-CU,SLV,Cuscatlán,,Department,56.00
SV-LI,SLV,La Libertad,,Department,65.00
SV-MO,SLV,Morazán,,Department,64.00
SV-PA,SLV,La Paz,,Department,78.00
SV-SA,SLV,Santa Ana,,Department,74.00
SV-SM,SLV,San Miguel,,Department,57.00
SV-SO,SLV,Sonsonate,,Department,53.00
SV-SS,SLV,San Salvador,,Department,48.00
SV-SV,SLV,San Vicente,,Department,83.00
SV-UN,SLV,La Unión,,Department,41.00
SV-US,SLV,Usulután,,Department,80.00
SM-01,SMR,Acquaviva,,,44.00
SM-02,SMR,Chiesanuova,,,78.00
SM-03,SMR,Domagnano,,,49.00
SM-04,SMR,Faetano,,,82.00
SM-05,SMR,Fiorentino,,,71.00
SM-06,SMR,Borgo Maggiore,,,86.00
SM-07,SMR,San Marino,,,97.00
SM-08,SMR,Montegiardino,,,85.00
SM-09,SMR,Serravalle,,,60.00
-99-X11~,SOL,Somaliland,,,87.00
SO-BK,SOM,Bakool,,Region,56.00
SO-BN,SOM,Banaadir,Benadir,Region,40.00
SO-BR,SOM,Bari,,Region,99.00
SO-BY,SOM,Bay,Baay,Region,78.00
SO-GA,SOM,Galguduud,Galgudug,Region,59.00
SO-GE,SOM,Gedo,Gado,Region,91.00
SO-HI,SOM,Hiiraan,Hiiran,Region,59.00
SO-JD,SOM,Jubbada Dhexe,J. Dhexe| Central Juba| Middle Juba,Region,41.00
SO-JH,SOM,Jubbada Hoose,J. Hoose| Lower Juba,Region,52.00
SO-MU,SOM,Mudug,Madugh| Mudugh,Region,88.00
SO-NU,SOM,Nugaal,,Region,80.00
SO-SD,SOM,Shabeellaha Dhexe,Sh. Dhexe| Central Shabele,Region,47.00
SO-SH,SOM,Shabeellaha Hoose,Sh. Hoose| Lower Shabele,Region,93.00
PM-X01~,SPM,Saint-Pierre,,Commune,68.00
PM-X02~,SPM,Miquelon-Langlade,,Commune,99.00
RS-00,SRB,Grad Beograd,Belgrade,City,63.00
RS-01,SRB,Severno-Backi,North Bačka,District,89.00
RS-02,SRB,Srednje-Banatski,Central Banat,District,77.00
RS-03,SRB,Severno-Banatski,North Banat,District,43.00
RS-04,SRB,Južno-Banatski,South Banat,District,99.00
RS-05,SRB,Zapadno-Backi,West Bačka,District,40.00
RS-06,SRB,Južno-Backi,South Bačka,District,70.00
RS-07,SRB,Sremski,Srem,District,54.00
RS-08,SRB,Macvanski,Mačva,District,79.00
RS-09,SRB,Kolubarski,Kolubara,District,79.00
RS-10,SRB,Podunavski,Podunavlje|Danube,District,62.00
RS-11,SRB,Branicevski,Braničevo,District,42.00
RS-12,SRB,Šumadijski,Šumadija,District,70.00
RS-13,SRB,Pomoravski,Pomoravlje,District,96.00
RS-14,SRB,Borski,Bor,District,58.00
RS-15,SRB,Zajecarski,Zaječar,District,65.00
RS-16,SRB,Zlatiborski,Zlatibor,District,88.00
RS-17,SRB,Moravicki,Moravica|Morava,District,52.00
RS-18,SRB,Raški,Raška,District,52.00
RS-19,SRB,Pomoravski,Rasina,District,41.00
RS-20,SRB,Nišavski,Nišava,District,74.00
RS-21,SRB,Toplicki,Toplica,District,43.00
RS-22,SRB,Pirotski,Pirot,District,48.00
RS-23,SRB,Jablanicki,Jablanica,District,54.00
RS-24,SRB,Pcinjski,Pčinja,District,49.00
ST-P,STP,Príncipe,,,51.00
ST-S,STP,São Tomé,,,52.00
SR-BR,SUR,Brokopondo,,District,64.00
SR-CM,SUR,Commewijne,,District,77.00
SR-CR,SUR,Coronie,,District,58.00
SR-MA,SUR,Marowijne,,District,73.00
SR-NI,SUR,Nickerie,,District,44.00
SR-PM,SUR,Paramaribo,,District,77.00
SR-PR,SUR,Para,,District,54.00
SR-SA,SUR,Saramacca,,District,52.00
SR-SI,SUR,Sipaliwini,,District,60.00
SR-WA,SUR,Wanica,,District,43.00
SK-BC,SVK,Banskobystrický,Banská Bystrica,Region,86.00
SK-BL,SVK,Bratislavský,Bratislava,Region,44.00
SK-KI,SVK,Košický,Košice,Region,66.00
SK-NI,SVK,Nitriansky,Nitra,Region,49.00
SK-PV,SVK,Prešov,,Region,56.00
SK-TA,SVK,Trnavský,Trnava,Region,62.00
SK-TC,SVK,Trenciansky,Trencín,Region,56.00
SK-ZI,SVK,Žilinský,Žilina,Region,92.00
SI-001,SVN,Ajdovščina,,Commune|Municipality,47.00
SI-002,SVN,Beltinci,,Commune|Municipality,99.00
SI-003,SVN,Bled,,Commune|Municipality,89.00
SI-004,SVN,Bohinj,,Commune|Municipality,75.00
SI-005,SVN,Borovnica,,Commune|Municipality,76.00
SI-006,SVN,Bovec,,Commune|Municipality,54.00
SI-007,SVN,Brda,,Commune|Municipality,48.00
SI-008,SVN,Brezovica,,Commune|Municipality,75.00
SI-009,SVN,Brežice,,Commune|Municipality,91.00
SI-011,SVN,Celje,,Commune|Municipality,58.00
SI-012,SVN,Cerklje na Gorenjskem,,Commune|Municipality,83.00
SI-013,SVN,Cerknica,,Commune|Municipality,78.00
SI-014,SVN,Cerkno,,Commune|Municipality,81.00
SI-015,SVN,Črenšovci,,Commune|Municipality,95.00
SI-016,SVN,Črna na Koroškem,,Commune|Municipality,87.00
SI-017,SVN,Crnomelj,,Commune|Municipality,67.00
SI-018,SVN,Destrnik,,Commune|Municipality,57.00
SI-019,SVN,Divaca,,Commune|Municipality,48.00
SI-020,SVN,Dobrepolje,,Commune|Municipality,50.00
SI-021,SVN,Dobrova-Polhov Gradec,Dobrova-Horjul-Polhov Gradec,Commune|Municipality,79.00
SI-022,SVN,Dol pri Ljubljani,,Commune|Municipality,52.00
SI-023,SVN,Domžale,,Commune|Municipality,96.00
SI-024,SVN,Dornava,,Commune|Municipality,53.00
SI-025,SVN,Dravograd,,Commune|Municipality,45.00
SI-026,SVN,Duplek,,Commune|Municipality,91.00
SI-027,SVN,Gorenja vas-Poljane,,Commune|Municipality,74.00
SI-028,SVN,Gorišnica,,Commune|Municipality,82.00
SI-029,SVN,Gornja Radgona,,Commune|Municipality,50.00
SI-030,SVN,Gornji Grad,,Commune|Municipality,57.00
SI-031,SVN,Gornji Petrovci,,Commune|Municipality,80.00
SI-032,SVN,Grosuplje,,Commune|Municipality,55.00
SI-033,SVN,Šalovci,,Commune|Municipality,63.00
SI-034,SVN,Hrastnik,,Commune|Municipality,65.00
SI-035,SVN,Hrpelje-Kozina,,Commune|Municipality,89.00
SI-036,SVN,Idrija,,Commune|Municipality,82.00
SI-037,SVN,Ig,,Commune|Municipality,98.00
SI-038,SVN,Ilirska Bistrica,,Commune|Municipality,56.00
SI-039,SVN,Ivancna Gorica,,Commune|Municipality,66.00
SI-040,SVN,Izola,,Commune|Municipality,66.00
SI-041,SVN,Jesenice,,Commune|Municipality,44.00
SI-042,SVN,Juršinci,,Commune|Municipality,97.00
SI-043,SVN,Kamnik,,Commune|Municipality,69.00
SI-044,SVN,Kanal,,Commune|Municipality,95.00
SI-045,SVN,Kidricevo,,Commune|Municipality,40.00
SI-046,SVN,Kobarid,,Commune|Municipality,49.00
SI-047,SVN,Kobilje,,Commune|Municipality,51.00
SI-048,SVN,Kocevje,,Commune|Municipality,51.00
SI-049,SVN,Komen,,Commune|Municipality,71.00
SI-05,SVN,Zasavska,,Statistical Region,42.00
SI-050,SVN,Koper,Capodistria,Commune|Municipality,90.00
SI-051,SVN,Kozje,,Commune|Municipality,48.00
SI-052,SVN,Kranj,,Commune|Municipality,43.00
SI-053,SVN,Kranjska Gora,,Commune|Municipality,63.00
SI-054,SVN,Krško,Posavska,Statistical Region,74.00
SI-054,SVN,Krsko,,Commune|Municipality,74.00
SI-055,SVN,Kungota,,Commune|Municipality,88.00
SI-056,SVN,Kuzma,,Commune|Municipality,70.00
SI-057,SVN,Laško,,Commune|Municipality,90.00
SI-058,SVN,Lenart,,Commune|Municipality,79.00
SI-059,SVN,Lendava,Lendva,Commune|Municipality,69.00
SI-060,SVN,Litija,,Commune|Municipality,77.00
SI-061,SVN,Ljubljana,Ljubljana,Statistical Region,77.00
SI-062,SVN,Ljubno,,Commune|Municipality,85.00
SI-063,SVN,Ljutomer,,Commune|Municipality,74.00
SI-064,SVN,Logatec,,Commune|Municipality,88.00
SI-065,SVN,Loška dolina,,Commune|Municipality,74.00
SI-066,SVN,Loški Potok,,Commune|Municipality,92.00
SI-067,SVN,Luce,Savinjska,Commune|Municipality,76.00
SI-068,SVN,Lukovica,,Commune|Municipality,89.00
SI-069,SVN,Majšperk,,Commune|Municipality,48.00
SI-070,SVN,Maribor,,Commune|Municipality,99.00
SI-071,SVN,Medvode,,Commune|Municipality,49.00
SI-072,SVN,Mengeš,,Commune|Municipality,85.00
SI-073,SVN,Metlika,,Commune|Municipality,49.00
SI-074,SVN,Mežica,,Commune|Municipality,94.00
SI-075,SVN,Miren-Kostanjevica,,Commune|Municipality,81.00
SI-076,SVN,Mislinja,,Commune|Municipality,90.00
SI-077,SVN,Moravce,,Commune|Municipality,99.00
SI-078,SVN,Moravske Toplice,,Commune|Municipality,49.00
SI-079,SVN,Mozirje,,Commune|Municipality,92.00
SI-080,SVN,Murska Sobota,,Statistical Region,95.00
SI-081,SVN,Muta,,Commune|Municipality,75.00
SI-082,SVN,Naklo,,Commune|Municipality,57.00
SI-083,SVN,Nazarje,,Commune|Municipality,45.00
SI-084,SVN,Nova Goriška,Severna Primors,Statistical Region,74.00
SI-085,SVN,Novo Mesto,,Commune|Municipality,72.00
SI-086,SVN,Odranci,,Commune|Municipality,59.00
SI-087,SVN,Ormož,,Commune|Municipality,84.00
SI-089,SVN,Pesnica,,Commune|Municipality,69.00
SI-090,SVN,Piran,Pirano,Commune|Municipality,90.00
SI-091,SVN,Pivka,"Kraška, Notranj",Statistical Region,40.00
SI-092,SVN,Podcetrtek,,Commune|Municipality,79.00
SI-093,SVN,Podvelka,,Commune|Municipality,74.00
SI-094,SVN,Postojna,,Commune|Municipality,43.00
SI-095,SVN,Preddvor,,Commune|Municipality,51.00
SI-096,SVN,Ptuj,,Commune|Municipality,82.00
SI-097,SVN,Puconci,,Commune|Municipality,78.00
SI-098,SVN,Race-Fram,,Commune|Municipality,42.00
SI-099,SVN,Radece,,Commune|Municipality,53.00
SI-100,SVN,Radenci,,Commune|Municipality,55.00
SI-101,SVN,Radlje ob Dravi,,Commune|Municipality,94.00
SI-102,SVN,Radovljica,,Statistical Region,94.00
SI-103,SVN,Ravne na Koroškem,,Commune|Municipality,69.00
SI-104,SVN,Ribnica,,Commune|Municipality,62.00
SI-105,SVN,Rogašovci,,Commune|Municipality,88.00
SI-106,SVN,Rogaška Slatina,,Commune|Municipality,64.00
SI-107,SVN,Rogatec,,Commune|Municipality,91.00
SI-108,SVN,Ruše,,Commune|Municipality,90.00
SI-109,SVN,Semic,,Commune|Municipality,87.00
SI-110,SVN,Sevnica,,Commune|Municipality,66.00
SI-111,SVN,Sežana,,Commune|Municipality,87.00
SI-112,SVN,Slovenj Gradec,,Statistical Region,54.00
SI-113,SVN,Slovenska Bistrica,,Commune|Municipality,74.00
SI-114,SVN,Slovenske Konjice,,Commune|Municipality,88.00
SI-115,SVN,Starše,,Statistical Region,51.00
SI-116,SVN,Sveti Jurij,,Commune|Municipality,79.00
SI-117,SVN,Šenčur,,Commune|Municipality,99.00
SI-118,SVN,Šentilj,,Commune|Municipality,98.00
SI-119,SVN,Šentjernej,,Commune|Municipality,79.00
SI-120,SVN,Šentjur pri Celju,,Commune|Municipality,41.00
SI-121,SVN,Škocjan,,Commune|Municipality,50.00
SI-122,SVN,Škofja Loka,,Commune|Municipality,42.00
SI-123,SVN,Škofljica,,Commune|Municipality,67.00
SI-124,SVN,Šmarje pri Jelšah,,Commune|Municipality,66.00
SI-125,SVN,Šmartno ob Paki,,Commune|Municipality,67.00
SI-126,SVN,Šoštanj,,Commune|Municipality,97.00
SI-127,SVN,Štore,,Commune|Municipality,77.00
SI-128,SVN,Tolmin,,Commune|Municipality,40.00
SI-129,SVN,Trbovlje,,Statistical Region,40.00
SI-130,SVN,Trebnje,,Commune|Municipality,58.00
SI-131,SVN,Tržič,,Commune|Municipality,67.00
SI-132,SVN,Turnišče,,Commune|Municipality,76.00
SI-133,SVN,Velenje,,Commune|Municipality,90.00
SI-134,SVN,Velike Lašče,,Commune|Municipality,54.00
SI-135,SVN,Videm,,Commune|Municipality,53.00
SI-136,SVN,Vipava,,Commune|Municipality,80.00
SI-137,SVN,Vitanje,,Commune|Municipality,49.00
SI-138,SVN,Vodice,,Commune|Municipality,71.00
SI-139,SVN,Vojnik,,Commune|Municipality,88.00
SI-140,SVN,Vrhnika,,Commune|Municipality,95.00
SI-141,SVN,Vuzenica,,Commune|Municipality,46.00
SI-143,SVN,Zavrc,,Commune|Municipality,79.00
SI-144,SVN,Zrece,,Commune|Municipality,58.00
SI-146,SVN,Železniki,,Commune|Municipality,97.00
SI-147,SVN,Žiri,,Commune|Municipality,61.00
SI-148,SVN,Benedikt,,Commune|Municipality,48.00
SI-149,SVN,Bistrica ob Sotli,,Commune|Municipality,77.00
SI-150,SVN,Bloke,,Commune|Municipality,78.00
SI-151,SVN,Braslovce,,Commune|Municipality,55.00
SI-152,SVN,Cankova,,Commune|Municipality,92.00
SI-153,SVN,Cerkvenjak,,Commune|Municipality,64.00
SI-154,SVN,Dobje,,Commune|Municipality,55.00
SI-155,SVN,Dobrna,,Commune|Municipality,42.00
SI-156,SVN,Dobrovnik,Dobronak,Commune|Municipality,98.00
SI-157,SVN,Dolenjske Toplice,,Statistical Region,86.00
SI-158,SVN,Grad,,Commune|Municipality,75.00
SI-159,SVN,Hajdina,,Commune|Municipality,70.00
SI-160,SVN,Hoce-Slivnica,,Commune|Municipality,46.00
SI-161,SVN,Hodoš,,Commune|Municipality,74.00
SI-162,SVN,Horjul,,Commune|Municipality,71.00
SI-163,SVN,Jezersko,,Commune|Municipality,99.00
SI-164,SVN,Komenda,,Commune|Municipality,81.00
SI-165,SVN,Kostel,,Commune|Municipality,97.00
SI-166,SVN,Križevci,,Commune|Municipality,46.00
SI-167,SVN,Lovrenc na Pohorju,,Commune|Municipality,69.00
SI-168,SVN,Markovci,,Commune|Municipality,84.00
SI-169,SVN,Miklavž na Dravskem polju,,Commune|Municipality,60.00
SI-170,SVN,Mirna Pec,,Commune|Municipality,91.00
SI-171,SVN,Oplotnica,,Commune|Municipality,61.00
SI-172,SVN,Podlehnik,,Commune|Municipality,81.00
SI-173,SVN,Polzela,,Commune|Municipality,90.00
SI-174,SVN,Prebold,,Commune|Municipality,47.00
SI-175,SVN,Prevalje,,Commune|Municipality,93.00
SI-176,SVN,Razkrižje,,Commune|Municipality,46.00
SI-177,SVN,Ribnica na Pohorju,,Commune|Municipality,69.00
SI-178,SVN,Selnica ob Dravi,,Commune|Municipality,58.00
SI-179,SVN,Sodražica,,Commune|Municipality,50.00
SI-180,SVN,Solcava,,Commune|Municipality,51.00
SI-181,SVN,Sveta Ana,,Commune|Municipality,91.00
SI-182,SVN,Sveti Andraž v Slovenskih Goricah,,Commune|Municipality,53.00
SI-183,SVN,Šempeter-Vrtojba,,Commune|Municipality,61.00
SI-184,SVN,Tabor,,Commune|Municipality,80.00
SI-185,SVN,Trnovska vas,,Commune|Municipality,79.00
SI-186,SVN,Trzin,,Commune|Municipality,43.00
SI-187,SVN,Velika Polana,,Commune|Municipality,76.00
SI-188,SVN,Veržej,,Commune|Municipality,61.00
SI-189,SVN,Vransko,,Commune|Municipality,77.00
SI-190,SVN,Žalec,,Statistical Region,59.00
SI-191,SVN,Žetale,,Commune|Municipality,75.00
SI-192,SVN,Žirovnica,,Commune|Municipality,68.00
SI-193,SVN,Žužemberk,,Commune|Municipality,58.00
SI-194,SVN,Šmartno in Litiji,,Commune|Municipality,40.00
SI-195,SVN,Apace,,Commune|Municipality,64.00
SE-AB,SWE,Stockholm,Stockholms län|Estocolmo|Stoccolmo,County,43.00
SE-AC,SWE,Västerbotten,Västerbottens län,County,72.00
SE-BD,SWE,Norrbotten,Norrbottens län,County,90.00
SE-C,SWE,Uppsala,Uppsala län,County,96.00
SE-D,SWE,Södermanland,Södermanlands län|Sörmland,County,45.00
SE-E,SWE,Östergötland,Östergötlands län,County,71.00
SE-F,SWE,Jönköping,Jönköpings län,County,80.00
SE-G,SWE,Kronoberg,Kronobergs län,County,98.00
SE-H,SWE,Kalmar,Kalmar län,County,78.00
SE-I,SWE,Gotland,Gotlands län|Gothland|Gottland,County,88.00
SE-K,SWE,Blekinge,Blekinge län,County,75.00
SE-M,SWE,Skåne,,County,81.00
SE-N,SWE,Halland,Hallands län,County,92.00
SE-O,SWE,Västra Götaland,,County,90.00
SE-S,SWE,Värmland,Värmlands län,County,48.00
SE-T,SWE,Orebro,Örebro|Örebro län,County,53.00
SE-U,SWE,Västmanland,Västmanlands län,County,86.00
SE-W,SWE,Dalarna,Dalecarlia|Kopparberg,County,50.00
SE-X,SWE,Gävleborg,Gävleborgs län,County,53.00
SE-Y,SWE,Västernorrland,Västernorrlands län,County,96.00
SE-Z,SWE,Jämtland,Jämtlands län,County,98.00
SZ-HH,SWZ,Hhohho,,District,61.00
SZ-LU,SWZ,Lubombo,,District,52.00
SZ-MA,SWZ,Manzini,,District,99.00
SZ-SH,SWZ,Shiselweni,Shiselwini,District,89.00
NL-SX,SXM,Sint Maarten,,,57.00
SC-01,SYC,Anse aux Pins,,,75.00
SC-02,SYC,Anse Boileau,,,87.00
SC-03,SYC,Anse Etoile,,,81.00
SC-04,SYC,Au Cap,,,50.00
SC-05,SYC,Anse Royale,,,95.00
SC-06,SYC,Baie Lazare,,,51.00
SC-07,SYC,Baie Sainte Anne,,,69.00
SC-08,SYC,Beau Vallon,,,79.00
SC-09,SYC,Bel Air,,,59.00
SC-10,SYC,Bel Ombre,Belombre,,93.00
SC-11,SYC,Cascade,,,76.00
SC-12,SYC,Glacis,,,42.00
SC-13,SYC,Grand'Anse,Grand' Anse Mahé,,78.00
SC-14,SYC,Grand'Anse Praslin,,,67.00
SC-15,SYC,La Digue and Inner Islands,,,88.00
SC-16,SYC,English River,,,69.00
SC-17,SYC,Mont Buxton,,,80.00
SC-18,SYC,Mont Fleuri,,,84.00
SC-19,SYC,Plaisance,,,71.00
SC-20,SYC,Pointe La Rue,,,41.00
SC-21,SYC,Port Glaud,,,46.00
SC-22,SYC,Saint Louis,,,79.00
SC-23,SYC,Takamaka,,,80.00
SC-24,SYC,Les Mamelles,,,95.00
SC-25,SYC,Roche Caïman,,,76.00
SC-X02~,SYC,Outer Islands,Coralline Seychelles|Zil Elwannyen Sesel,,88.00
SY-DI,SYR,Damascus,,Province,42.00
SY-DR,SYR,Dar`a,Dara'a|Dária|Dera`a|Derraa|Hauran,Province,67.00
SY-DY,SYR,Dayr Az Zawr,Dair-Ezzor|Dayr az Zaur|Deir Al Zour|Deir ez Zor|Der Azzor|Dier Elzour,Province,71.00
SY-HA,SYR,Hasaka (Al Haksa),Al Hasaka|Al-Haska|Al Hassake|El Haseke|Haseke|Hassakeh|Hazakieh|Hassetché|Al Jezira|Jezireh,Province,57.00
SY-HI,SYR,Homs (Hims),Hims|Homs,Province,58.00
SY-HL,SYR,Aleppo,Aleppo|Alep|Alepo|Haleb|Ḥalab,Province,57.00
SY-HM,SYR,Hamah,Hama|Ḥamāh,Province,66.00
SY-ID,SYR,Idlib,Adlib|Edleb|Idleb,Province,74.00
SY-LA,SYR,Lattakia,Latakia|Al Ladhiqiyah|El Ladhiqiya|Lattakia|Lattakieh|Lattikia|Lattaquie,Province,64.00
SY-QU,SYR,Quneitra,Al Qunatirah|Al Qunaytirah|Al Quneitera|El Quneitra|El Kenitra|Kunaitra|Kuneitra|Qunaytira,Province,44.00
SY-RA,SYR,Ar Raqqah,Al Rakka|Raqqa|Al Rashid|Rashid,Province,49.00
SY-RD,SYR,Rif Dimashq,,Province,56.00
SY-SU,SYR,As Suwayda',Djebel Druze|Jabal Druze|Jebel Druse|Jebel ed Druz|Al Sueida|Es Sueida|Es Suweida|Soueida|Suwaidaa,Province,51.00
SY-TA,SYR,Tartus,Tartaus|Tartous,Province,56.00
SY-X01~,SYR,UNDOF,,,67.00
TC-X01~,TCA,Middle Caicos,,,93.00
TC-X02~,TCA,North Caicos,,,61.00
TC-X03~,TCA,Providenciales and West Caicos,,,98.00
TC-X04~,TCA,South Caicos and East Caicos,,,85.00
TC-X05~,TCA,Grand Turk,,,67.00
TC-X06~,TCA,Salt Cay,,,59.00
TD-BA,TCD,Batha,,Prefecture,58.00
TD-BG,TCD,Barh El Gazel,,Prefecture,80.00
TD-BO,TCD,Borkou,,Préfecture,69.00
TD-CB,TCD,Chari-Baguirmi,,Prefecture,96.00
TD-GR,TCD,Guéra,Guera|Baguirmi,Prefecture,52.00
TD-HL,TCD,Hadjer-Lamis,,Prefecture,71.00
TD-KA,TCD,Kanem,,Prefecture,83.00
TD-LC,TCD,Lac,,Prefecture,45.00
TD-LO,TCD,Logone Occidental,Logone-Occidental,Prefecture,65.00
TD-LR,TCD,Logone Oriental,Logone-Oriental,Prefecture,49.00
TD-MA,TCD,Mandoul,,Prefecture,58.00
TD-MC,TCD,Moyen-Chari,,Prefecture,68.00
TD-ME,TCD,Mayo-Kebbi Est,,Prefecture,60.00
TD-MO,TCD,Mayo-Kebbi Ouest,,Prefecture,71.00
TD-ND,TCD,Ville de N'Djamena,,Capital,97.00
TD-OD,TCD,Ouaddaï,Ouaddai|Ouadaï,Prefecture,58.00
TD-SA,TCD,Salamat,,Prefecture,61.00
TD-SI,TCD,Sila,,Prefecture,40.00
TD-TA,TCD,Tandjilé,Tandjile,Prefecture,50.00
TD-TI,TCD,Tibesti,,Préfecture,51.00
TD-WF,TCD,Wadi Fira,Biltine,Prefecture,47.00
TD-X01~,TCD,Ennedi,,Préfecture,41.00
TG-C,TGO,Centre,"Région Centrale, Région du Centre",Region,84.00
TG-K,TGO,Kara,Région de la Kara,Region,50.00
TG-M,TGO,Maritime,Région Maritime,Region,42.00
TG-P,TGO,Plateaux,Région des Plateaux,Region,98.00
TG-S,TGO,Savanes,Région des Savanes,Region,82.00
TH-10,THA,Bangkok Metropolis,Bangkok|Krung Thep|Krung Thep Maha Nakhon|Phra Nakhon-Thonburi,Province,80.00
TH-11,THA,Samut Prakan,Pak Nam|Samudh Prakarn|Samudraprakar|Samut Phrakhan,Province,40.00
TH-12,THA,Nonthaburi,,Province,77.00
TH-13,THA,Pathum Thani,,Province,62.00
TH-14,THA,Phra Nakhon Si Ayutthaya,Phranakhon Si Ayutthaya|Ayudhya|Ayutthaya|Phranakhornsri-ayuthaya,Province,71.00
TH-15,THA,Ang Thong,,Province,88.00
TH-16,THA,Lop Buri,,Province,76.00
TH-17,THA,Sing Buri,,Province,86.00
TH-18,THA,Chai Nat,Chainat,Province,87.00
TH-19,THA,Saraburi,Sara Buri,Province,85.00
TH-20,THA,Chon Buri,,Province,76.00
TH-21,THA,Rayong,,Province,67.00
TH-22,THA,Chanthaburi,Chantaburi|Muang Chan,Province,58.00
TH-23,THA,Trat,,Province,92.00
TH-24,THA,Chachoengsao,Chaxerngsao|Pad Rew|Paed Riu|Petrieu|Shajeun Dhrao,Province,48.00
TH-25,THA,Prachin Buri,,Province,50.00
TH-26,THA,Nakhon Nayok,Nakon Nayok,Province,44.00
TH-27,THA,Sa Kaeo,Srakaeo,Province,71.00
TH-30,THA,Nakhon Ratchasima,Khorat|Nagara Rajasima|Nakaun Rachasima,Province,55.00
TH-31,THA,Buri Ram,Buri Rum,Province,59.00
TH-32,THA,Surin,,Province,89.00
TH-33,THA,Si Sa Ket,Sisaket|Khukhan|Khukhandh|Srisaket,Province,70.00
TH-34,THA,Ubon Ratchathani,,Province,69.00
TH-35,THA,Yasothon,,Province,61.00
TH-36,THA,Chaiyaphum,,Province,80.00
TH-37,THA,Amnat Charoen,,Province,99.00
TH-38,THA,Bueng Kan,บึงกาฬ,Province,93.00
TH-39,THA,Nong Bua Lam Phu,Nong Bua Lamphu,Province,50.00
TH-40,THA,Khon Kaen,,Province,90.00
TH-41,THA,Udon Thani,,Province,89.00
TH-42,THA,Loei,,Province,93.00
TH-43,THA,Nong Khai,,Province,94.00
TH-44,THA,Maha Sarakham,,Province,82.00
TH-45,THA,Roi Et,,Province,78.00
TH-46,THA,Kalasin,,Province,69.00
TH-47,THA,Sakon Nakhon,,Province,95.00
TH-48,THA,Nakhon Phanom,,Province,84.00
TH-49,THA,Mukdahan,,Province,80.00
TH-50,THA,Chiang Mai,,Province,86.00
TH-51,THA,Lamphun,Hariphunchai|Lampoon,Province,96.00
TH-52,THA,Lampang,,Province,72.00
TH-53,THA,Uttaradit,,Province,49.00
TH-54,THA,Phrae,,Province,81.00
TH-55,THA,Nan,,Province,74.00
TH-56,THA,Phayao,,Province,46.00
TH-57,THA,Chiang Rai,,Province,58.00
TH-58,THA,Mae Hong Son,,Province,66.00
TH-60,THA,Nakhon Sawan,,Province,61.00
TH-61,THA,Uthai Thani,,Province,52.00
TH-62,THA,Kamphaeng Phet,Gampheang Phet|Kambhengbhej,Province,91.00
TH-63,THA,Tak,,Province,40.00
TH-64,THA,Sukhothai,Sawankhalokt|Sukhotai|Sukothai|Svargalok,Province,84.00
TH-65,THA,Phitsanulok,Bisnulok|Phisanulauk|Phitsnulok|Pitsanuloke,Province,45.00
TH-66,THA,Phichit,,Province,47.00
TH-67,THA,Phetchabun,,Province,94.00
TH-70,THA,Ratchaburi,,Province,63.00
TH-71,THA,Kanchanaburi,Kan Buri|Park Prag,Province,66.00
TH-72,THA,Suphan Buri,,Province,45.00
TH-73,THA,Nakhon Pathom,,Province,82.00
TH-74,THA,Samut Sakhon,Krokkrak Maha Chai|Mahachai|Samudrasagara,Province,78.00
TH-75,THA,Samut Songkhram,Mae Klong|Samudrasonggram,Province,69.00
TH-76,THA,Phetchaburi,Phetcha Buri|Bejraburi|Petchburi|Phet Buri|Tetchburit,Province,62.00
TH-77,THA,Prachuap Khiri Khan,Korh Luxk|Prachuab Girikhand|Prachuapkirikhan|Prachut Khirikhan,Province,74.00
TH-80,THA,Nakhon Si Thammarat,Nakhon Thammarat|Nagara Sridharmaraj|Nakhon Sri Thammarat|Nakhornsrithamrat|Nakornsrithamaraj,Province,56.00
TH-81,THA,Krabi,,Province,59.00
TH-82,THA,Phangnga,,Province,94.00
TH-83,THA,Phuket,,Province,75.00
TH-84,THA,Surat Thani,,Province,81.00
TH-85,THA,Ranong,,Province,89.00
TH-86,THA,Chumphon,,Province,44.00
TH-90,THA,Songkhla,,Province,43.00
TH-91,THA,Satun,,Province,90.00
TH-92,THA,Trang,Tab Tiang,Province,91.00
TH-93,THA,Phatthalung,,Province,78.00
TH-94,THA,Pattani,,Province,99.00
TH-95,THA,Yala,,Province,70.00
TH-96,THA,Narathiwat,,Province,47.00
TJ-DU,TJK,Dushanbe,,Independent City,89.00
TJ-GB,TJK,Gorno-Badakhshan,Badakhshoni Kuni|Autonomes Gebiet der Berg-Badachschanen|Gorno-Badahshanskaya avtonomnaya oblast'|Go,Region,79.00
TJ-KT,TJK,Khatlon,Hationskaya oblast'|Hatlonskaja oblast',Region,84.00
TJ-SU,TJK,Leninabad,Sogd|Hodžent|Khodzhent|Khujand|Leninabadskaya oblast'|Leninobod|Sogdiyskaya oblast'|Sogdskaja oblast,Region,56.00
TJ-X01~,TJK,Tadzhikistan Territories,,Region,51.00
TM-A,TKM,Ahal,Akhal|Ashkhabad|Ashkhabadskaya Oblast,Province,88.00
TM-B,TKM,Balkan,"Krasnovodsk, Krasnovodskaya Oblast",Province,73.00
TM-D,TKM,Tashauz,Dashoguz|Dashhowuz|Dashkhovuz|Tashauzskaya Oblast,Province,45.00
TM-L,TKM,Chardzhou,Lebap|Chardzhouskaya Oblast,Province,52.00
TM-M,TKM,Mary,Maruy|Marysk|Maryyskaya Oblast,Province,94.00
TL-AL,TLS,Aileu,Alieau,District|Regencies,40.00
TL-AN,TLS,Ainaro,,District|Regencies,63.00
TL-BA,TLS,Baucau,Baukau,District|Regencies,91.00
TL-BO,TLS,Bobonaro,,District|Regencies,81.00
TL-CO,TLS,Cova Lima,Covalima|Kova-Lima,District|Regencies,90.00
TL-DI,TLS,Dili,Dilli,District|Regencies,46.00
TL-ER,TLS,Ermera,,District|Regencies,67.00
TL-LA,TLS,Lautém,,District|Regencies,43.00
TL-LI,TLS,Liquica,Likisia,District|Regencies,98.00
TL-MF,TLS,Manufahi,,District|Regencies,50.00
TL-MT,TLS,Manatuto,,District|Regencies,89.00
TL-OE,TLS,Ambeno,Ambino|Oecussi,District|Regencies,59.00
TL-VI,TLS,Viqueque,Vikeke,District|Regencies,95.00
TO-01,TON,Eua,,,81.00
TO-02,TON,Ha'apai,,,71.00
TO-03,TON,Niuas,,,42.00
TO-04,TON,Tongatapu,,,75.00
TO-05,TON,Vava'u,,,98.00
TT-ARI,TTO,Arima,,City,49.00
TT-CHA,TTO,Chaguanas,,City,72.00
TT-CTT,TTO,Couva-Tabaquite-Talparo,Couva,Region,54.00
TT-DMN,TTO,Diego Martin,Petit Valley,Region,54.00
TT-ETO,TTO,Eastern Tobago,Tabago,Region,59.00
TT-PED,TTO,Penal-Debe,Penal,Region,79.00
TT-POS,TTO,Port of Spain,Port-of-Spain|Puer,City,93.00
TT-PRT,TTO,Princes Town,,Region,89.00
TT-PTF,TTO,Point Fortin,,City,72.00
TT-RCM,TTO,Rio Claro-Mayaro,Mayaro|Rio Claro,Region,78.00
TT-SFO,TTO,San Fernando,,City,75.00
TT-SGE,TTO,Sangre Grande,,Region,63.00
TT-SIP,TTO,Siparia,,Region,51.00
TT-SJL,TTO,San Juan-Laventille,Laventille,Region,79.00
TT-TUP,TTO,Tunapuna/Piarco,Tunapuna,Region,68.00
TT-WTO,TTO,Western Tobago,Tabago,Region,94.00
TN-11,TUN,Tunis,Tounis|Tunis City|Tūnus|Túnez|Túnis|Tunisi|Tūnis,Governorate,96.00
TN-13,TUN,Ben Arous (Tunis Sud),Bin `Arūs|Ben Arous|Tunis Ben Arous,Governorate,62.00
TN-14,TUN,Manubah,,Governorate,98.00
TN-21,TUN,Nabeul,Cap Bon|Nabil|Nābol|Nābul,Governorate,46.00
TN-22,TUN,Zaghouan,Tunis South|Zachouan|Zaguan|Zaghwān|Saghuan,Governorate,85.00
TN-23,TUN,Bizerte,BanzartBanzart|Bensert|Binzart|Biserta|Bizerta,Governorate,56.00
TN-31,TUN,Béja,Bājah|Béja,Governorate,74.00
TN-32,TUN,Jendouba,Jendoûbah|Jenduba|Jondouba|Jundūbah|Souk-El-Arba|Dschunduba,Governorate,92.00
TN-33,TUN,Le Kef,Al Kāf|El Kef|Kaf|Kef,Governorate,57.00
TN-34,TUN,Siliana,Siliānah|Silyānah,Governorate,73.00
TN-41,TUN,Kairouan,Al Qayrawān|Al Qīrwān|Qairouân|Kairuã|Kairouwan,Governorate,66.00
TN-42,TUN,Kassérine,Al Qaṣrayn|Al Gaṣrīn|Al Qasrin|Kasserim|Al Qaṣrayn|Sbeitla,Governorate,41.00
TN-43,TUN,Sidi Bou Zid,Sīdī Bū Zayd|Qamudah|Sidi Boû Sa`îd|Sidi Buzid|Sidi Bū Sa`īd|Sīdī Bū Zayd|Sidi Bu Said,Governorate,48.00
TN-51,TUN,Sousse,Sousa|Sussa|Susse|Susa|Sūsah,Governorate,89.00
TN-52,TUN,Monastir,Al Munastīr,Governorate,58.00
TN-53,TUN,Mahdia,Al Madīyah|Al Mahdiyya|Mahdiâh,Governorate,72.00
TN-61,TUN,Sfax,Safāqis|Ṣafāqis|Ṣfāqis,Governorate,99.00
TN-71,TUN,Gafsa,Gafṣah|Qafṣah,Governorate,56.00
TN-72,TUN,Tozeur,Tawzar|Touzar|Tūzar,Governorate,58.00
TN-73,TUN,Kebili,Kebilli|Qbili|Qibilī,Governorate,97.00
TN-81,TUN,Gabès,Qābis|Gabās,Governorate,79.00
TN-82,TUN,Médenine,Madanīyīn|Madanīn|Medenin,Governorate,79.00
TN-83,TUN,Tataouine,Foum Tataouine|Tatahouine|Tatuine|Taţāwīn,Governorate,82.00
TR-01,TUR,Adana,Seyhan,Province,53.00
TR-02,TUR,Adiyaman,Adıyaman,Province,72.00
TR-03,TUR,Afyonkarahisar,Afyon,Province,79.00
TR-04,TUR,Agri,Ağri|Karaköse,Province,53.00
TR-05,TUR,Amasya,,Province,64.00
TR-06,TUR,Ankara,Ancara|Angora,Province,55.00
TR-07,TUR,Antalya,Adalia|Anatolia,Province,86.00
TR-08,TUR,Artvin,Çoruh,Province,61.00
TR-09,TUR,Aydin,Aydın,Province,94.00
TR-10,TUR,Balikesir,Balıkesir|Balikisri,Province,50.00
TR-11,TUR,Bilecik,,Province,58.00
TR-12,TUR,Bingöl,Çapakçur,Province,91.00
TR-13,TUR,Bitlis,,Province,59.00
TR-14,TUR,Bolu,,Province,84.00
TR-15,TUR,Burdur,,Province,68.00
TR-16,TUR,Bursa,Burssa|Brusa|Brussa|Brousse,Province,66.00
TR-17,TUR,Çanakkale,,Province,70.00
TR-18,TUR,Çankiri,Çankırı|Changra,Province,85.00
TR-19,TUR,Çorum,,Province,45.00
TR-20,TUR,Denizli,,Province,52.00
TR-21,TUR,Diyarbakir,Diyarbakır,Province,94.00
TR-22,TUR,Edirne,Adrianople|Adrianopel,Province,68.00
TR-23,TUR,Elazig,Elazığ,Province,62.00
TR-24,TUR,Erzincan,,Province,92.00
TR-25,TUR,Erzurum,,Province,66.00
TR-26,TUR,Eskisehir,Eskişehir,Province,81.00
TR-27,TUR,Gaziantep,,Province,91.00
TR-28,TUR,Giresun,Kerasund,Province,91.00
TR-29,TUR,Gümüshane,Gümüşhane,Province,69.00
TR-30,TUR,Hakkari,,Province,44.00
TR-31,TUR,Hatay,,Province,72.00
TR-32,TUR,Isparta,,Province,86.00
TR-33,TUR,Mersin,İçel,Province,57.00
TR-34,TUR,Istanbul,İstanbul|Constantinople|Estambul|Istambul|Konstantinopel|Stamboul,Province,86.00
TR-35,TUR,Izmir,İzmir|Esmirna|Smirne|Smyrna,Province,88.00
TR-36,TUR,Kars,,Province,49.00
TR-37,TUR,Kastamonu,,Province,65.00
TR-38,TUR,Kayseri,,Province,47.00
TR-39,TUR,Kirklareli,Kırklareli,Province,87.00
TR-40,TUR,Kirsehir,Kırşehir,Province,51.00
TR-41,TUR,Kocaeli,İzmit,Province,98.00
TR-42,TUR,Konya,Konieh|Kunja,Province,56.00
TR-43,TUR,Kütahya,Kütanya,Province,79.00
TR-44,TUR,Malatya,,Province,97.00
TR-45,TUR,Manisa,,Province,74.00
TR-46,TUR,K. Maras,Kahramanmaraş,Province,80.00
TR-47,TUR,Mardin,,Province,57.00
TR-48,TUR,Mugla,Muğla,Province,88.00
TR-49,TUR,Mus,Muş,Province,96.00
TR-50,TUR,Nevsehir,Nevşehir,Province,64.00
TR-51,TUR,Nigde,Niğde,Province,43.00
TR-52,TUR,Ordu,,Province,71.00
TR-53,TUR,Rize,,Province,81.00
TR-54,TUR,Sakarya,,Province,95.00
TR-55,TUR,Samsun,,Province,68.00
TR-56,TUR,Siirt,,Province,48.00
TR-57,TUR,Sinop,,Province,69.00
TR-58,TUR,Sivas,,Province,86.00
TR-59,TUR,Tekirdag,Tekirdağ,Province,62.00
TR-60,TUR,Tokat,,Province,42.00
TR-61,TUR,Trabzon,Trapezunt|Trebizond|Trebizonda|Trébizonde,Province,46.00
TR-62,TUR,Tunceli,,Province,42.00
TR-63,TUR,Sanliurfa,Şanlıurfa|Urfa,Province,44.00
TR-64,TUR,Usak,Uşak,Province,77.00
TR-65,TUR,Van,,Province,96.00
TR-66,TUR,Yozgat,,Province,53.00
TR-67,TUR,Zinguldak,Zonguldak,Province,94.00
TR-68,TUR,Aksaray,,Province,73.00
TR-69,TUR,Bayburt,,Province,99.00
TR-70,TUR,Karaman,,Province,46.00
TR-71,TUR,Kinkkale,Kırıkkale,Province,42.00
TR-72,TUR,Batman,,Province,64.00
TR-73,TUR,Sirnak,Şırnak,Province,87.00
TR-74,TUR,Bartın,,Province,65.00
TR-75,TUR,Ardahan,,Province,63.00
TR-76,TUR,Iğdir,,Province,88.00
TR-77,TUR,Yalova,,Province,75.00
TR-78,TUR,Karabük,,Province,92.00
TR-79,TUR,Kilis,,Province,55.00
TR-80,TUR,Osmaniye,,Province,74.00
TR-81,TUR,Düzce,,Province,71.00
TV-X01~,TUV,Tuvalu,,,54.00
TW-CHA,TWN,Changhua,Zhanghua|Changhwa,County,76.00
TW-CYI,TWN,Chiayi City,Jiayi Shi|Chiai City,Provincial City,76.00
TW-CYQ,TWN,Chiayi,Jiayi|Chiai,County,66.00
TW-HSQ,TWN,Hsinchu,Xinzhu,County,94.00
TW-HSZ,TWN,Hsinchu City,Xinzhu Shi,Provincial City,93.00
TW-HUA,TWN,Hualien,Hualian,County,71.00
TW-ILA,TWN,Yilan,Ilan,County,66.00
TW-KEE,TWN,Keelung City,Jilong Shi|Chilung City,Provincial City,65.00
TW-KHH,TWN,Kaohsiung City,Gaoxiong Shi,Special Municipality,54.00
TW-KIN,TWN,Kinmen,Chinmen|Jinmen,County,89.00
TW-MIA,TWN,Miaoli,,County,83.00
TW-NAN,TWN,Nantou,,County,51.00
TW-PEN,TWN,Penghu,,County,98.00
TW-PIF,TWN,Pingtung,Pingdong,County,67.00
TW-TAO,TWN,Taoyuan,,County,58.00
TW-TNN,TWN,Tainan City,Tainan Shi,Special Municipality,98.00
TW-TPE,TWN,Taipei City,Taibei Shi,Special Municipality,44.00
TW-TPQ,TWN,New Taipei City,Xinbei Shi,Special Municipality,46.00
TW-TTT,TWN,Taitung,Taidong,County,81.00
TW-TXG,TWN,Taichung City,Taizhong Shi,Special Municipality,97.00
TW-YUN,TWN,Yunlin,Yüanlin,County,92.00
TZ-01,TZA,Arusha,,Region,66.00
TZ-02,TZA,Dar-Es-Salaam,Dar es Salaam,Region,92.00
TZ-03,TZA,Dodoma,,Region,42.00
TZ-04,TZA,Iringa,,Region,91.00
TZ-05,TZA,Kagera,,Region,43.00
TZ-06,TZA,Kaskazini-Pemba,Pemba North,Region,49.00
TZ-07,TZA,Kaskazini-Unguja,Zanzibar North,Region,53.00
TZ-08,TZA,Kigoma,,Region,52.00
TZ-09,TZA,Kilimanjaro,,Region,53.00
TZ-10,TZA,Kusini-Pemba,Pemba South,Region,74.00
TZ-11,TZA,Zanzibar South and Central,Kusini Unguja|Zanzibar Central/South,Region,88.00
TZ-12,TZA,Lindi,,Region,77.00
TZ-13,TZA,Mara,,Region,91.00
TZ-14,TZA,Mbeya,,Region,65.00
TZ-15,TZA,Zanzibar West,Mjini-Magharibi|Zanzibar Urban/West,Region,86.00
TZ-16,TZA,Morogoro,,Region,52.00
TZ-17,TZA,Mtwara,,Region,97.00
TZ-18,TZA,Mwanza,,Region,84.00
TZ-19,TZA,Pwani,,Region,54.00
TZ-20,TZA,Rukwa,,Region,86.00
TZ-21,TZA,Ruvuma,,Region,49.00
TZ-22,TZA,Shinyanga,,Region,63.00
TZ-23,TZA,Singida,,Region,64.00
TZ-24,TZA,Tabora,,Region,65.00
TZ-25,TZA,Tanga,,Region,77.00
TZ-26,TZA,Manyara,,Region,98.00
TZ-27,TZA,Geita,,Region,92.00
TZ-28,TZA,Katavi,,Region,50.00
TZ-29,TZA,Njombe,,Region,43.00
TZ-30,TZA,Simiyu,,Region,54.00
UG-101,UGA,Kalangala,,District,55.00
UG-102,UGA,Kampala,,District,51.00
UG-103,UGA,Kiboga,,District,94.00
UG-104,UGA,Luweero,,County,81.00
UG-105,UGA,Masaka,,District,44.00
UG-106,UGA,Mpigi,,District,91.00
UG-107,UGA,Mubende,,District,65.00
UG-108,UGA,Mukono,,District,84.00
UG-109,UGA,Nakasongola,,District,49.00
UG-110,UGA,Rakai,,District,69.00
UG-111,UGA,Sembabule,Ssembabule,District,90.00
UG-112,UGA,Kayunga,,District,40.00
UG-113,UGA,Wakiso,,District,79.00
UG-114,UGA,Mityana,,County,54.00
UG-115,UGA,Nakaseke,,District,81.00
UG-116,UGA,Lyantonde,,District,87.00
UG-117,UGA,Buikwe,,District,97.00
UG-118,UGA,Bukomansimbi,,District,46.00
UG-119,UGA,Butambala,,District,84.00
UG-120,UGA,Buvuma,,District,61.00
UG-121,UGA,Gomba,,District,74.00
UG-122,UGA,Kalungu,,District,59.00
UG-123,UGA,Kyankwanzi,,District,79.00
UG-124,UGA,Lwengo,,District,72.00
UG-201,UGA,Bugiri,,District,47.00
UG-202,UGA,Busia,,District,42.00
UG-203,UGA,Iganga,,District,90.00
UG-204,UGA,Jinja,,District,73.00
UG-205,UGA,Kamuli,,District,99.00
UG-206,UGA,Kapchorwa,,District,64.00
UG-207,UGA,Katakwi,,County,42.00
UG-208,UGA,Kumi,,District,88.00
UG-209,UGA,Mbale,,County,61.00
UG-210,UGA,Pallisa,,District,98.00
UG-211,UGA,Soroti,,District,49.00
UG-212,UGA,Tororo,,District,78.00
UG-213,UGA,Kaberamaido,,District,80.00
UG-214,UGA,Mayuge,,District,79.00
UG-215,UGA,Sironko,,County,54.00
UG-216,UGA,Amuria,,District,74.00
UG-217,UGA,Budaka,,County,53.00
UG-218,UGA,Bukwa,,County,99.00
UG-219,UGA,Butaleja,,County,45.00
UG-220,UGA,Kaliro,,County,64.00
UG-221,UGA,Manafwa,Bubuulo|Manafa,District,90.00
UG-222,UGA,Namutumba,,County,87.00
UG-223,UGA,Bududa,,District,43.00
UG-224,UGA,Bukedea,,District,41.00
UG-225,UGA,Bulambuli,,County,42.00
UG-226,UGA,Buyende,,District,84.00
UG-227,UGA,Kibuku,,County,52.00
UG-228,UGA,Kween,,District,55.00
UG-229,UGA,Luuka,,District,64.00
UG-230,UGA,Namayingo,,District,76.00
UG-231,UGA,Ngora,,District,96.00
UG-232,UGA,Serere,,District,82.00
UG-301,UGA,Adjumani,,District,69.00
UG-302,UGA,Apac,,District,80.00
UG-303,UGA,Arua,Arua,County,91.00
UG-304,UGA,Gulu,,County,57.00
UG-305,UGA,Kitgum,,District,98.00
UG-306,UGA,Kotido,,County,80.00
UG-307,UGA,Lira,,District,44.00
UG-308,UGA,Moroto,,District,58.00
UG-309,UGA,Moyo,,District,71.00
UG-310,UGA,Nebbi,,District,63.00
UG-311,UGA,Nakapiripirit,,District,72.00
UG-312,UGA,Pader,,District,64.00
UG-313,UGA,Yumbe,,District,62.00
UG-314,UGA,Amolatar,,County,83.00
UG-315,UGA,Kaabong,,District,63.00
UG-316,UGA,Koboko,,County,89.00
UG-317,UGA,Abim,,County,98.00
UG-318,UGA,Dokolo,,County,95.00
UG-319,UGA,Amuru,,District,67.00
UG-320,UGA,Maracha,,District,79.00
UG-321,UGA,Oyam,,County,95.00
UG-322,UGA,Agago,,District,54.00
UG-323,UGA,Alebtong,,District,91.00
UG-324,UGA,Amudat,,District,98.00
UG-325,UGA,Buhweju,,District,54.00
UG-326,UGA,Kole,,District,80.00
UG-327,UGA,Lamwo,,District,70.00
UG-328,UGA,Napak,,District,70.00
UG-329,UGA,Nwoya,,District,44.00
UG-330,UGA,Otuke,,District,69.00
UG-331,UGA,Zombo,,District,76.00
UG-401,UGA,Bundibugyo,,District,82.00
UG-402,UGA,Bushenyi,,District,52.00
UG-403,UGA,Hoima,,District,76.00
UG-404,UGA,Kabale,,District,77.00
UG-405,UGA,Kabarole,,District,93.00
UG-406,UGA,Kasese,,District,55.00
UG-407,UGA,Kibale,Kibaale,District,83.00
UG-408,UGA,Kisoro,,District,45.00
UG-409,UGA,Masindi,,District,95.00
UG-410,UGA,Mbarara,,County,53.00
UG-410,UGA,Mbarara,,District,53.00
UG-411,UGA,Ntungamo,,District,53.00
UG-412,UGA,Rukungiri,,District,41.00
UG-413,UGA,Kamwenge,,District,92.00
UG-414,UGA,Kanungu,,District,87.00
UG-415,UGA,Kyenjojo,,District,81.00
UG-416,UGA,Ibanda,,County,97.00
UG-417,UGA,Isingiro,,County,88.00
UG-419,UGA,Buliisa,,County,89.00
UG-420,UGA,Kiryandongo,,District,70.00
UG-421,UGA,Kyegegwa,,District,57.00
UG-422,UGA,Mitooma,,District,95.00
UG-423,UGA,Ntoroko,,District,74.00
UG-424,UGA,Rubirizi,,District,67.00
UG-425,UGA,Sheema,,District,72.00
UA-05,UKR,Vinnytsya,Vinnytsia|Vinnitskaya Oblast'|Vinnyts'ka Oblast|Winniza,Region,60.00
UA-07,UKR,Volyn,Volhynia|Volyns'ka Oblast'|Volynskaya Oblast'|Wolynien,Region,91.00
UA-09,UKR,Luhans'k,Luhansk|Lugansk|Luhans'ka Oblast'|Voroshilovgrad,Region,99.00
UA-12,UKR,Dnipropetrovs'k,Dnipropetrovsk|Dniepropietrovsk|Dnjepropetrowsk,Region,66.00
UA-14,UKR,Donets'k,Donetsk|Donetskaya Oblast'|Donezk|Stalino,Region,98.00
UA-18,UKR,Zhytomyr,Zhitomir|Jitomir|Shitomir|Zhitomirskaya Oblast',Region,62.00
UA-21,UKR,Transcarpathia,Transcarpathian|Zakarpattia|Ruthenia|Zakarpats'ka Oblast'|Zakarpatskaya Oblast',Region,90.00
UA-23,UKR,Zaporizhzhya,Saporoshje|Zaporizhia|Zaporiz'ka Oblast'|Zaporojie|Zaporozhskaya Oblast'|Zaporozh'ye|Zaporožje,Region,45.00
UA-26,UKR,Ivano-Frankivs'k,Ivano-Frankovsk|Ivano-Frankovskaya Oblast'|Stanislav,Region,59.00
UA-30,UKR,Kiev City,Kyïvs'ka mis'ka rada,Municipality,41.00
UA-32,UKR,Kiev,Kiev Oblast|Kiew|Kijew|Kiiv|Kijev|Kiyev|Kyiv|Kyjiv|Kyyiv|Kyyivs'ka Oblast',Region,58.00
UA-35,UKR,Kirovohrad,Kirovograd|Kirovogradskaya Oblast',Region,82.00
UA-46,UKR,L'viv,Lemberg|Llvov|L'vov|Lwow|L'vivs'ka Oblast',Region,81.00
UA-48,UKR,Mykolayiv,Mykolaiv|Nikolajew|Nikolayev,Region,97.00
UA-51,UKR,Odessa,Odesa|Odes'ka Oblast'|Odesskaya Oblast',Region,65.00
UA-53,UKR,Poltava,,Region,99.00
UA-56,UKR,Rivne,Rovno|Rivnens'ka Oblast'|Rovenskaya Oblast',Region,70.00
UA-59,UKR,Sumy,,Region,73.00
UA-61,UKR,Ternopil',Ternopol|Ternopol',Region,99.00
UA-63,UKR,Kharkiv,Charkow|Jarkov|Karkov|Khar'kov,Region,82.00
UA-65,UKR,Kherson,,Oblast',59.00
UA-68,UKR,Khmel'nyts'kyy,Khmelnitsky|Khmelnytskyi|Chmelnizkij|Hmelnicki|Kamenets-Podol'skaya Oblast'|Khmel'nyts'ka Oblast',Region,98.00
UA-71,UKR,Cherkasy,Cherkas'ka Oblast'|Cherkasskaya Oblast'|Cherkassy,Region,61.00
UA-74,UKR,Chernihiv,Chernigov|Tschernigow,Region,60.00
UA-77,UKR,Chernivtsi,Chernivets'ka Oblast'|Chernovitskaya Oblast'|Chernovtsy|Czernowitz|Tschernowzy|Tchernovtsy,Region,52.00
UM-67,UMI,Johnston Atoll,,,92.00
UM-71,UMI,Midway Islands,,,67.00
UM-76,UMI,Navassa Island,,,96.00
UM-79,UMI,Wake Atoll,,,43.00
UM-81,UMI,Baker Island,,,40.00
UM-84,UMI,Howland Island,,,53.00
UM-86,UMI,Jarvis Island,,,86.00
UM-95,UMI,Palmyra Atoll,,,58.00
UY-AR,URY,Artigas,,Department,92.00
UY-CA,URY,Canelones,,Department,80.00
UY-CL,URY,Cerro Largo,,Department,63.00
UY-CO,URY,Colonia,,Department,43.00
UY-DU,URY,Durazno,,Department,93.00
UY-FD,URY,Florida,,Department,55.00
UY-FS,URY,Flores,,Department,71.00
UY-LA,URY,Lavalleja,,Department,42.00
UY-MA,URY,Maldonado,,Department,76.00
UY-MO,URY,Montevideo,Montevidéu,Department,97.00
UY-PA,URY,Paysandú,,Department,48.00
UY-RN,URY,Río Negro,,Department,51.00
UY-RO,URY,Rocha,,Department,53.00
UY-RV,URY,Rivera,,Department,91.00
UY-SA,URY,Salto,,Department,97.00
UY-SJ,URY,San José,,Department,76.00
UY-SO,URY,Soriano,,Department,53.00
UY-TA,URY,Tacuarembó,,Department,48.00
UY-TT,URY,Treinta y Tres,,Department,41.00
US-AK,USA,Alaska,AK|Alaska,State,92.00
US-AL,USA,Alabama,AL|Ala.,State,65.00
US-AR,USA,Arkansas,AR|Ark.,State,68.00
US-AZ,USA,Arizona,AZ|Ariz.,State,61.00
US-CA,USA,California,CA|Calif.,State,53.00
US-CO,USA,Colorado,CO|Colo.,State,40.00
US-CT,USA,Connecticut,CT|Conn.,State,66.00
US-DC,USA,District of Columbia,DC|D.C.,Federal District,93.00
US-DE,USA,Delaware,DE|Del.,State,59.00
US-FL,USA,Florida,FL|Fla.,State,98.00
US-GA,USA,Georgia,GA|Ga.,State,66.00
US-HI,USA,Hawaii,HI|Hawaii,State,92.00
US-IA,USA,Iowa,IA|Iowa,State,48.00
US-ID,USA,Idaho,ID|Idaho,State,51.00
US-IL,USA,Illinois,IL|Ill.,State,57.00
US-IN,USA,Indiana,IN|Ind.,State,78.00
US-KS,USA,Kansas,KS|Kans.,State,45.00
US-KY,USA,Kentucky,Commonwealth of Kentucky|KY,State,58.00
US-LA,USA,Louisiana,LA,State,85.00
US-MA,USA,Massachusetts,Commonwealth of Massachusetts|MA|Mass.,State,85.00
US-MD,USA,Maryland,MD,State,67.00
US-ME,USA,Maine,ME|Maine,State,85.00
US-MI,USA,Michigan,MI|Mich.,State,45.00
US-MN,USA,Minnesota,MN|Minn.,State,61.00
US-MO,USA,Missouri,MO,State,67.00
US-MS,USA,Mississippi,MS|Miss.,State,73.00
US-MT,USA,Montana,MT|Mont.,State,84.00
US-NC,USA,North Carolina,NC|N.C.,State,53.00
US-ND,USA,North Dakota,ND|N.D.,State,69.00
US-NE,USA,Nebraska,NE|Nebr.,State,68.00
US-NH,USA,New Hampshire,NH|N.H.,State,65.00
US-NJ,USA,New Jersey,NJ|N.J.,State,40.00
US-NM,USA,New Mexico,NM|N.M.,State,61.00
US-NV,USA,Nevada,NV|Nev.,State,46.00
US-NY,USA,New York,NY|N.Y.,State,58.00
US-OH,USA,Ohio,OH|Ohio,State,90.00
US-OK,USA,Oklahoma,OK|Okla.,State,75.00
US-OR,USA,Oregon,OR|Ore.,State,92.00
US-PA,USA,Pennsylvania,Commonwealth of Pennsylvania|PA,State,74.00
US-RI,USA,Rhode Island,State of Rhode Island and Providence Plantations|RI|R.I.,State,83.00
US-SC,USA,South Carolina,SC|S.C.,State,71.00
US-SD,USA,South Dakota,SD|S.D.,State,41.00
US-TN,USA,Tennessee,TN|Tenn.,State,75.00
US-TX,USA,Texas,TX|Tex.,State,50.00
US-UT,USA,Utah,UT,State,58.00
US-VA,USA,Virginia,VA,State,84.00
US-VT,USA,Vermont,VT,State,68.00
US-WA,USA,Washington,WA|Wash.,State,72.00
US-WI,USA,Wisconsin,WI|Wis.,State,92.00
US-WV,USA,West Virginia,WV|W.Va.,State,48.00
US-WY,USA,Wyoming,WY|Wyo.,State,81.00
-99-X13~,USG,Guantanamo Bay USNB,,,95.00
UZ-AN,UZB,Andijon,Andijan|Andizhan,Region,63.00
UZ-BU,UZB,Bukhoro,Bukhara|Buxoro|Mawarranahr|Transoxania|Turan,Region,65.00
UZ-FA,UZB,Ferghana,Farghona|Farg`ona|Fergana,Region,81.00
UZ-JI,UZB,Jizzakh,Dzhizak|Jizzax,Region,63.00
UZ-NG,UZB,Namangan,,Region,56.00
UZ-NW,UZB,Navoi,Navoiy|Navoiy,Region,54.00
UZ-QA,UZB,Kashkadarya,Kashka-Dar'ya|Kashkadar|Kashkadar'ya|Qashqadaryo,Region,41.00
UZ-QR,UZB,Karakalpakstan,Qoraqalpog`iston autonomous republic|Kara-Kalpakia|Qoraqalpoghiston|Qoraqalpog`iston|Qoraqalpoghiston Respublikasi,Automonous Region,75.00
UZ-SA,UZB,Samarkand,Samarqand,Region,73.00
UZ-SI,UZB,Sirdaryo,Syr-Dar'ya,Region,80.00
UZ-SU,UZB,Surkhandarya,Sukhan-Dar'ya|Surxondaryo|Surkhan-Dar'ya,Region,70.00
UZ-TK,UZB,Tashkent,Taschkent|Toshkent,Region,52.00
UZ-TO,UZB,Tashkent,Taschkent|Toshkent,Region,76.00
UZ-XO,UZB,Khorezm,Khiva|Khwarazm|Khorazm|Xorazm,Region,66.00
VA-X01~,VAT,Vatican,,,97.00
VC-01,VCT,Charlotte,,Parish,73.00
VC-02,VCT,Saint Andrew,,Parish,50.00
VC-03,VCT,Saint David,,Parish,92.00
VC-04,VCT,Saint George,,Parish,48.00
VC-05,VCT,Saint Patrick,,Parish,93.00
VC-06,VCT,Grenadines,,Parish,69.00
VE-A,VEN,Distrito Capital,,Capital District,52.00
VE-B,VEN,Anzoátegui,,State,44.00
VE-C,VEN,Apure,,State,61.00
VE-D,VEN,Aragua,,State,48.00
VE-E,VEN,Barinas,,State,73.00
VE-F,VEN,Bolívar,,State,84.00
VE-G,VEN,Carabobo,,State,77.00
VE-H,VEN,Cojedes,,State,80.00
VE-I,VEN,Falcón,,State,75.00
VE-J,VEN,Guárico,,State,56.00
VE-K,VEN,Lara,,State,68.00
VE-L,VEN,Mérida,,State,81.00
VE-M,VEN,Miranda,,State,67.00
VE-N,VEN,Monagas,,State,70.00
VE-O,VEN,Nueva Esparta,,State,72.00
VE-P,VEN,Portuguesa,,State,59.00
VE-R,VEN,Sucre,,State,65.00
VE-S,VEN,Táchira,,State,99.00
VE-T,VEN,Trujillo,,State,40.00
VE-U,VEN,Yaracuy,,State,94.00
VE-V,VEN,Zulia,,State,70.00
VE-W,VEN,Dependencias Federales,,Federal Dependency,98.00
VE-X,VEN,Vargas,,State,66.00
VE-X01~,VEN,,,,78.00
VE-Y,VEN,Delta Amacuro,,State,41.00
VE-Z,VEN,Amazonas,,State,55.00
VG-X01~,VGB,British Virgin Islands,,,48.00
VI-X01~,VIR,Saint Croix,,,73.00
VI-X02~,VIR,Saint Thomas,,,80.00
VI-X03~,VIR,Saint John,,,79.00
VN-01,VNM,Lai Chau,,Province,52.00
VN-02,VNM,Lào Cai,Lao Cai,Province,61.00
VN-03,VNM,Hà Giang,Ha Giang,Province,81.00
VN-04,VNM,Cao Bằng,Cao Bang,Province,82.00
VN-05,VNM,Son La,Son La,Region,45.00
VN-06,VNM,Yên Bái,Yen Bai,Province,45.00
VN-07,VNM,Tuyên Quang,Tuyen Quang,Province,77.00
VN-09,VNM,Lạng Sơn,Lang Son,Province,87.00
VN-13,VNM,Quảng Ninh,Quang Ninh,Province,41.00
VN-14,VNM,Hòa Bình,Hoa Binh,Province,90.00
VN-18,VNM,Ninh Bình,Ninh Binh,Province,83.00
VN-20,VNM,Thái Bình,Thai Binh,Province,82.00
VN-21,VNM,Thanh Hóa,Thanh Hoa,Province,80.00
VN-22,VNM,Nghệ An,Nghe An,Province,95.00
VN-23,VNM,Ha Tinh,Ha Tinh,Region,76.00
VN-24,VNM,Quảng Bình,Quang Binh,Province,64.00
VN-25,VNM,Quảng Trị,Quang Tri,Province,58.00
VN-26,VNM,Thừa Thiên - Huế,Thua Thien - Hue,Province,53.00
VN-27,VNM,Quàng Nam,,Province,96.00
VN-28,VNM,Kon Tum,,Province,43.00
VN-29,VNM,Quảng Ngãi,Quang Ngai,Province,70.00
VN-30,VNM,Gia Lai,Gia Lai,Region,53.00
VN-31,VNM,Bình Định,Binh Dinh,Province,63.00
VN-32,VNM,Phú Yên,Phu Yen,Province,65.00
VN-33,VNM,Đắk Lắk,Dak Lak|Dac Lac,Region,92.00
VN-34,VNM,Khánh Hòa,Khanh Hoa,Province,96.00
VN-35,VNM,Lâm Đồng,Lam Dong,Province,45.00
VN-36,VNM,Ninh Thuận,Ninh Thuan,Province,65.00
VN-37,VNM,Tây Ninh,Tay Ninh,Province,43.00
VN-39,VNM,Đông Nam Bộ,South East,Region,72.00
VN-40,VNM,Bình Thuận,Binh Thuan,Province,83.00
VN-41,VNM,Long An,Long An,Province,46.00
VN-43,VNM,Bà Rịa - Vũng Tàu,Ba Ria - VTau|Ba Ria-Vung Tau,Province,47.00
VN-44,VNM,An Giang,An Giang,Province,78.00
VN-45,VNM,Ðong Tháp,Dong Thap,Province,59.00
VN-46,VNM,Tiền Giang,Tien Giang,Province,43.00
VN-47,VNM,Kiên Giang,Kien Giang,Province,42.00
VN-49,VNM,Vĩnh Long,Vinh Long,Province,64.00
VN-50,VNM,Bến Tre,Ben Tre,Province,41.00
VN-51,VNM,Trà Vinh,Tra Vinh,Province,82.00
VN-52,VNM,Sóc Trăng,Soc Trang,Province,93.00
VN-53,VNM,Đông Bắc,North East,Region,53.00
VN-54,VNM,Bắc Giang,Bac Giang,Province,95.00
VN-55,VNM,Bạc Liêu,Bac Lieu,Province,69.00
VN-56,VNM,Bắc Ninh,Bac Ninh,Province,96.00
VN-57,VNM,Bình Dương,Binh Duong,Province,78.00
VN-58,VNM,Bình Phước,Binh Phuoc,Province,94.00
VN-59,VNM,Cà Mau,Ca Mau,Province,81.00
VN-61,VNM,Hải Dương,Hai Duong,Province,80.00
VN-63,VNM,Hà Nam,Ha Nam,Province,67.00
VN-66,VNM,Đồng Bằng Sông Hồng,Red River Delta,Region,72.00
VN-67,VNM,Nam Định,Nam Dinh,Province,61.00
VN-68,VNM,Phú Thọ,Phu Tho,Province,56.00
VN-69,VNM,Thái Nguyên,Thai Nguyen,Province,92.00
VN-70,VNM,Vĩnh Phúc,Vinh Phuc,Province,92.00
VN-71,VNM,Điện Biên,Dien Bien,Province,57.00
VN-72,VNM,Đắk Nông,Dak Nong,Region,65.00
VN-73,VNM,Hau Giang,,Region,95.00
VN-CT,VNM,Can Tho,,Province,43.00
VN-DN,VNM,Đà Nẵng,Da Nang City|Da Nang,City|Municipality|Thanh Pho,75.00
VN-HN,VNM,Ha Noi,Hanoi,Province,65.00
VN-HP,VNM,Hải Phòng,Hai Phong|Haiphong,Province,77.00
VN-SG,VNM,Hồ Chí Minh city,Ho Chi Minh City|Ho Chi Minh,City|Municipality|Thanh Pho,41.00
VU-MAP,VUT,Malampa,,Province,58.00
VU-PAM,VUT,Penama,,Province,48.00
VU-SAM,VUT,Sanma,,Province,41.00
VU-SEE,VUT,Shefa,,Province,80.00
VU-TAE,VUT,Tafea,,Province,51.00
VU-TOB,VUT,Torba,,Province,87.00
WF-AL,WLF,Alo,,,42.00
WF-SG,WLF,Sigave,Singave,,98.00
WF-UV,WLF,`Uvea,Wallis,,94.00
-99-X17~,WSB,Akrotiri,Western Sovereign Base,,74.00
WS-AA,WSM,A'ana,,,56.00
WS-AL,WSM,Aiga-i-le-Tai,,,40.00
WS-AT,WSM,Atua,,,47.00
WS-FA,WSM,Fa'asaleleaga,,,41.00
WS-GE,WSM,Gaga'emauga,,,85.00
WS-GI,WSM,Gaga'ifomauga,,,57.00
WS-PA,WSM,Palauli,,,96.00
WS-SA,WSM,Satupa'itea,,,81.00
WS-TU,WSM,Tuamasaga,,,81.00
WS-VF,WSM,Va'a-o-Fonoti,,,48.00
WS-VS,WSM,Vaisigano,,,61.00
YE-AB,YEM,Abyan,,Governorate,65.00
YE-AD,YEM,`Adan,Aden,Governorate,70.00
YE-AM,YEM,Amran,'Amran,Governorate,94.00
YE-BA,YEM,Al Bayda',Albaidah|Al Baidha|Al-Baydha|Al Beida|Baidaa|Al Bayda,Governorate,80.00
YE-DA,YEM,Al Dali',Al Dhale'e,Governorate,89.00
YE-DH,YEM,Dhamar,,Governorate,83.00
YE-HD,YEM,Hadramawt,Hadhramaut|Hadhramawt|Hadhramout|HadramautHadramout,Governorate,48.00
YE-HJ,YEM,Hajjah,Hajja,Governorate,90.00
YE-HU,YEM,Al Hudaydah,Al Hodeida|Al-Hodeidah|Al Hudaidah|Hodiedah|Hudaidah,Governorate,87.00
YE-IB,YEM,Ibb,,Governorate,92.00
YE-JA,YEM,Al Jawf,Al Jouf|Aljowf|Jawf,Governorate,41.00
YE-LA,YEM,Lahij,Laheg|Lahej|Lahj|Tuban,Governorate,71.00
YE-MA,YEM,Ma'rib,Mareb|Marib,Governorate,67.00
YE-MR,YEM,Al Mahrah,Al Ghaydah|Al-Mahara|Almaharah|al-Mahra|Mahra,Governorate,99.00
YE-MW,YEM,Al Mahwit,Almahweet|Mahweet,Governorate,45.00
YE-RA,YEM,Raymah,,Governorate,91.00
YE-SA,YEM,Amanat Al Asimah,,Governorate,65.00
YE-SD,YEM,Sa`dah,Sa'ada|Saadah|Sa'da|Saidah|Sa'adah,Governorate,54.00
YE-SH,YEM,Shabwah,Shabwa|Shibwah|Ataq,Governorate,63.00
YE-SN,YEM,Sana'a,,Governorate,95.00
YE-TA,YEM,Ta`izz,Taez|Taiz|Taizz,Governorate,99.00
ZA-EC,ZAF,Eastern Cape,Oos-Kaap,Province,63.00
ZA-FS,ZAF,Free State,Orange Free State|Vrystaat,Province,43.00
ZA-GT,ZAF,Gauteng,Pretoria/Witwatersrand/Vaal,Province,42.00
ZA-LP,ZAF,Limpopo,Noordelike Provinsie|Northern Transvaal|Northern Province,Province,99.00
ZA-MP,ZAF,Mpumalanga,Eastern Transvaal,Province,50.00
ZA-NC,ZAF,Northern Cape,Noord-Kaap,Province,74.00
ZA-NL,ZAF,KwaZulu-Natal,Natal and Zululand,Province,64.00
ZA-NW,ZAF,North West,North-West|Noordwes,Province,65.00
ZA-WC,ZAF,Western Cape,Wes-Kaap,Province,40.00
ZM-01,ZMB,Western,Barotseland,Province,65.00
ZM-02,ZMB,Central,Broken Hill,Province,89.00
ZM-03,ZMB,Eastern,Fort Jameson,Province,55.00
ZM-04,ZMB,Luapula,Fort Rosebery,Province,87.00
ZM-05,ZMB,Northern,,Province,87.00
ZM-06,ZMB,North-Western,,Province,91.00
ZM-07,ZMB,Southern,,Province,45.00
ZM-08,ZMB,Copperbelt,Western,Province,93.00
ZM-09,ZMB,Lusaka,,Province,78.00
ZM-10,ZMB,Muchinga,,Province,59.00
ZW-BU,ZWE,Bulawayo,,City,97.00
ZW-HA,ZWE,Harare,,City,62.00
ZW-MA,ZWE,Manicaland,,Province,96.00
ZW-MC,ZWE,Mashonaland Central,,Province,96.00
ZW-ME,ZWE,Mashonaland East,,Province,63.00
ZW-MI,ZWE,Midlands,,Province,82.00
ZW-MN,ZWE,Matabeleland North,,Province,40.00
ZW-MS,ZWE,Matabeleland South,,Province,65.00
ZW-MV,ZWE,Masvingo,,Province,70.00
ZW-MW,ZWE,Mashonaland West,,Province,49.00
